font_id,name_en,name_zh
1361350423484,AR MingB5 MD,文鼎明體_M
1361353753007,AR MingB5 HV,文鼎明體_H
1361354339326,AR HeiB5 MD,文鼎黑體_M
1361354834958,AR HeiB5 BD,文鼎黑體_B
1361355108526,AR NewHeiB5 MD,文鼎新黑體_M
1361410602265,AR NewHeiB5 BD,文鼎新黑體_B
1361412275009,AR YuanB5 MD,文鼎圓體_M
1361412658533,AR YuanB5 BD,文鼎圓體_B
1361413105098,AR StdSongB5 MD,文鼎標準宋體_M
1361414071470,AR StdSongB5 BD,文鼎標準宋體_B
1361414336983,AR StdKaiB5 MD,文鼎標準楷體_M
1361414761102,AR StdKaiB5 BD,文鼎標準楷體_B
1361415252465,AR FangSongB5 MD,文鼎仿宋_M
1361415577873,AR FangSongB5 BD,文鼎仿宋_B
1361416288919,AR KaiB5 MD,文鼎楷體_M
1361416868280,AR LiShuB5 MD,文鼎隸書_M
1361417660600,AR XingShuB5 MD,文鼎行書_M
1361418232989,AR LiShuB5 DB,文鼎隸書_D
1361418551165,AR WeiBeiB5 BD,文鼎魏碑_B
1361419003158,AR XingKaiB5 BD,文鼎行楷_B
1361419570224,AR YanKaiB5 HV,文鼎顏楷_H
1361424820273,AR MaoKaiB5 BD,文鼎毛楷_B
1361425806533,AR MaoKaiB5 EB,文鼎毛楷_E
1361426164204,AR GangBiXingKaiB5 MD,文鼎鋼筆行楷_M
1361426607269,AR GangBiXingKaiB5 BD,文鼎鋼筆行楷_B
1361426947945,AR GuangGaoB5 MD,文鼎廣告體_M
1361427779028,AR GuangGaoB5 BD,文鼎廣告體_B
1361428229103,AR GuangGaoB5 EB,文鼎廣告體_E
1361429035018,AR Pop2B5 BD,文鼎ＰＯＰ－２_B
1361429411452,AR Pop4B5 BD,文鼎ＰＯＰ－４_B
1361442892741,AR BanKePOPB5 EB,文鼎板刻ＰＯＰ體_E
1361443107776,AR XinYiB5 UL,文鼎新藝體_U
1361443316835,AR KanTingLiuB5 UL,文鼎勘亭流_U
1361443663679,AR GuYinB5 BD,文鼎古印體_B
1361443899544,AR XinChaoPOPB5 HV,文鼎新潮ＰＯＰ體_H
1361444158531,AR QiaoHeiB5 EB,文鼎俏黑體_E
1361498483843,AR QianZiBiB5 EB,文鼎簽字筆體_E
1361499046178,AR TianNiuB5 BD,文鼎甜妞體_B
1361500173526,AR TianNiuB5 HV,文鼎甜妞體_H
1361501273446,AR PiLiB5 UL,文鼎霹靂體_U
1361502080338,AR JingJiB5 MD,文鼎荊棘體_M
1361502641076,AR SheiDeZiB5 MD,文鼎誰的字體_M
1361502903320,AR HuoChaiB5 BD,文鼎火柴體_B
1361503137569,AR DieYuanB5 UL,文鼎疊圓體_U
1361503363607,AR KongDieYuanB5 UL,文鼎空疊圓_U
1361503671333,AR ZanMeiB5 UL,文鼎簪梅體_U
1361504002742,AR CaoMeiB5 HV,文鼎草莓體_H
1361504220563,AR HuaCaoB5 EB,文鼎花草體_E
1362383116504,AR Silver Handwriting,AR Silver Handwriting
1362383611990,AR Silver Serif Proportional,AR Silver Serif Proportional
1373594688278,AR Gothic1 Medium,AR Gothic1 Medium
1373598193850,AR Gothic2 Ultra Distended,AR Gothic2 Ultra Distended
1373598943192,AR RGothic1 Medium,AR RGothic1 Medium
1373599425313,AR Brush2 Ultra,AR Brush2 Ultra
1373600499238,AR Brush3 Bold,AR Brush3 Bold
1373607341903,AR Brush7 Bold,AR Brush7 Bold
1373607748436,AR Roman1 Bold,AR Roman1 Bold
1373867610217,AR Script5 Bold,AR Script5 Bold
1373868280343,AR Silver Sans Proportional,AR Silver Sans Proportional
1373869459095,AR Verdure Sans Demibold,AR Verdure Sans Demibold
1373869865181,AR Silver Casual,AR Silver Casual
1373870105209,AR Silver Small Caps,AR Silver Small Caps
1373872566600,AR Hebe Sans,AR Hebe Sans
1373873518229,AR Hebe Sans DemiBold,AR Hebe Sans DemiBold
1373874445499,AR Fruda Sans,AR Fruda Sans
1373875106080,AR Verdure Sans,AR Verdure Sans
1373940688801,AR DIN Sans Demibold,AR DIN Sans Demibold
1373941245819,AR DIN Sans Flat,AR DIN Sans Flat
1373956399986,AR DIN Sans Flat Bold,AR DIN Sans Flat Bold
1373957466950,AR BERKLEY,AR BERKLEY
1373958968477,AR BLANCA,AR BLANCA
1373959565410,AR BONNIE,AR BONNIE
1373960623037,AR CAROLANN,AR CAROLANN
1373961191422,AR CARTER,AR CARTER
1373963098621,AR CENA,AR CENA
1373964156337,AR CHRISTY,AR CHRISTY
1373964382595,AR DARLING,AR DARLING
1373966883817,AR DECODE,AR DECODE
1373967599387,AR DELANEY,AR DELANEY
1373967988298,AR DESTINE,AR DESTINE
1373968435286,AR ELLIS,AR ELLIS
1373968873409,AR ESSENCE,AR ESSENCE
1373969538700,AR HERMANN,AR HERMANN
1373969958148,AR JULIAN,AR JULIAN
1394004388511,AR GuYinGB BD,文鼎古印体_B
1394004734709,AR WeiBeiGB BD,文鼎粗魏碑体
1397463252268,AR YuanGB LT,文鼎细圆
1397463641173,AR YuanGB BD,文鼎粗圆
1397464046588,AR HeiGB MD,文鼎黑体_M
1397464661124,AR HeiGB BD,文鼎黑体_B
1397465137168,AR XinHeiGB UL,文鼎新黑体_U
1421656923650,AR MingB5 BD,文鼎明體_B
1421656990854,AR NewHeiB5 EB,文鼎新黑體_E
1421657023291,AR KaiB5 BD,文鼎楷體_B
1421657119710,AR HaiBaoB5 BD,文鼎海報體_B
1421657153364,AR TaurusAB5 UL,文鼎金牛座_U
1421657184573,AR HappyLongB5 UL,文鼎黑皮龍體_U
1421657211553,AR XingKaiBeiB5 BD,文鼎行楷碑體_B
1424854504739,AR MingB5 LT,文鼎明體_L
1424854819243,AR MingB5 UL,文鼎明體_U
1424857827088,AR NewMingB5 LT,文鼎新明體_L
1424857939792,AR HeiB5 LT,文鼎黑體_L
1424858167291,AR HeiB5 UL,文鼎黑體_U
1424858295586,AR NewHeiB5 LT,文鼎新黑體_L
1424858416252,AR StdKaiB5 LT,文鼎標準楷體_L
1424858558986,AR StdSongB5 LT,文鼎標準宋體_L
1424858667925,AR StdSongB5 HV,文鼎標準宋體_H
1424858775626,AR KaiB5 LT,文鼎楷體_L
1424858917879,AR YanKaiB5 UL,文鼎顏楷_U
1424859330457,AR MaoKaiB5 HV,文鼎毛楷_H
1424860178097,AR LiShuB5 BD,文鼎隸書_B
1424860292635,AR TianNiuB5 UL,文鼎甜妞體_U
1424860398390,AR QiaoHeiB5 UL,文鼎俏黑體_U
1424860495216,AR XuKanTingLiuB5 HV,文鼎鬚勘亭流_H
1424860628260,AR PiaoChongB5 UL,文鼎瓢蟲體_U
1424860745132,AR TianXinB5 UL,文鼎甜心體_U
1424860799542,AR QinQinB5 UL,文鼎親親體_U
1424860907195,AR DuDuHouB5 UL,文鼎嘟嘟猴體_U
1424861055911,AR GuGuJiB5 UL,文鼎咕咕雞體_U
1424861132048,AR WangWangGouB5 UL,文鼎汪汪狗體_U
1424861773176,AR YuanQiZhuB5 UL,文鼎元氣豬_U
1424914137737,AR YuShuShuB5 UL,文鼎玉鼠鼠_U
1424914189058,AR QianKunNiuB5 UL,文鼎乾坤牛_U
1424914246606,AR XiaoXiaoHuB5 UL,文鼎笑笑虎_U
1424914311095,AR HitoTuB5 UL,文鼎喜多兔_U
1424931066968,AR MingB5 EB,文鼎明體_E
1424931255809,AR ShangHaiSongB5 LT,文鼎上海宋體_L
1424931322974,AR YuanB5 LT,文鼎圓體_L
1424931426446,AR YuanB5 EB,文鼎圓體_E
1424931545351,AR YuanB5 HV,文鼎圓體_H
1424931641189,AR YuanB5 UL,文鼎圓體_U
1424931729589,AR HeiB5 EB,文鼎黑體_E
1424931834789,AR HeiB5 HV,文鼎黑體_H
1424931975681,AR NewHeiB5 HV,文鼎新黑體_H
1424932081598,AR FangSongB5 LT,文鼎仿宋_L
1424932237172,AR StdSongB5 EB,文鼎標準宋體_E
1424932398830,AR XingKaiB5 LT,文鼎行楷_L
1424932705742,AR GangBiXingKaiB5 LT,文鼎鋼筆行楷_L
1424932858380,AR AquariusAB5 UL,文鼎水瓶座_U
1424932929447,AR PiscesAB5 UL,文鼎雙魚座_U
1426229062084,AR Dori Sans,AR Dori Sans
1426230337128,AR Dori Sans Black,AR Dori Sans Black
1426410476735,AR Dori Sans Bold,AR Dori Sans Bold
1426410606325,AR Dori Sans Demibold,AR Dori Sans Demibold
1426410774945,AR Dori Sans Extrabold,AR Dori Sans Extrabold
1426410915018,AR Dori Sans Extraheavy,AR Dori Sans Extraheavy
1426410979596,AR Dori Sans Heavy,AR Dori Sans Heavy
1426411045279,AR Dori Sans Light,AR Dori Sans Light
1426411103890,AR Dori Sans Ultra,AR Dori Sans Ultra
1426411196401,AR New Hebe Sans,AR New Hebe Sans
1426411361110,AR New Hebe Sans Black,AR New Hebe Sans Black
1426411536317,AR New Hebe Sans Bold,AR New Hebe Sans Bold
1426411663120,AR New Hebe Sans Demibold,AR New Hebe Sans Demibold
1426411782073,AR New Hebe Sans Extrabold,AR New Hebe Sans Extrabold
1426411928834,AR New Hebe Sans Extraheavy,AR New Hebe Sans Extraheavy
1426412039369,AR New Hebe Sans Heavy,AR New Hebe Sans Heavy
1426412093560,AR New Hebe Sans Light,AR New Hebe Sans Light
1426412157557,AR New Hebe Sans Ultra,AR New Hebe Sans Ultra
1431673943893,AR Brush1 Bold Italic,AR Brush1 Bold Italic
1431674056983,AR Silver Serif Monospace,AR Silver Serif Monospace
1431674117145,AR Silver Sans Monospace,AR Silver Sans Monospace
1431674178037,AR Gothic1 Euro Medium,AR Gothic1 Euro Medium
1431674218102,AR Roman2 Euro Black,AR Roman2 Euro Black
1431674259299,AR Slab1 Euro Medium,AR Slab1 Euro Medium
1431674295158,AR RGothic1 Euro Black,AR RGothic1 Euro Black
1431674327316,AR Roman1 Euro Heavy,AR Roman1 Euro Heavy
1431674366980,AR Fruda Sans-Flat,AR Fruda Sans-Flat
1431675023146,AR LaoShangHaiSongGB LT,文鼎老上海宋_L
1431675089031,AR FangSongGB MD,文鼎中仿宋
1431675322202,AR YunHeiGB BD,文鼎云黑体_B
1431675513335,AR KaiGB MD,文鼎中楷体
1431675591484,AR LiShuGB MD,文鼎中隶
1431675659083,AR ShangHaiSongGB MD,文鼎上海宋_M
1431675847227,AR XinYiGB UL,文鼎新艺体_U
1431676130255,AR ShangHaiSongGB BD,文鼎上海宋_B
1434425659599,AR ChiLunB5 MD,文鼎齒輪體_M
1434425928896,AR DiaoKeB5 BD,文鼎雕刻體_B
1434433801041,AR HuaBanB5 UL,文鼎花瓣體_U
1434433869057,AR HuZiB5 EB,文鼎鬍子體_E
1434433925104,AR JianGouB5 BD,文鼎賤狗體_B
1434436818010,AR NiuNiuB5 BD,文鼎妞妞體_B
1434437242276,AR ShuiGuanB5 BD,文鼎水管體_B
1434437820635,AR StoneB5 EB,文鼎石頭體_E
1434437867370,AR TanHuangB5 BD,文鼎彈簧體_B
1434437946698,AR XiangChangB5 BD,文鼎香腸體_B
1434437992760,AR XiaoSaB5 MD,文鼎瀟灑體_M
1434438616229,AR YanKaiGungB5 UL,文鼎顏楷九宮體_U
1434438645370,AR YanShuiB5 EB,文鼎淹水體_E
1434439153768,AR YuanLiB5 BD,文鼎圓立體_B
1434439201518,AR ZhuZiB5 MD,文鼎竹子體_M
1434439507034,AR FangSongB5S LT,文鼎仿宋简_L
1434440201112,AR HeiB5S BD,文鼎黑体简_B
1434440404956,AR KaiB5S MD,文鼎楷体简_M
1434440459831,AR LiShuB5S MD,文鼎隶书简_M
1434440494831,AR MingB5S BD,文鼎明体简_B
1434440538362,AR MingB5S HV,文鼎明体简_H
1434440582362,AR MingB5S MD,文鼎明体简_M
1434440623003,AR WeiBeiB5S BD,文鼎魏碑简_B
1434440665956,AR XingKaiB5S BD,文鼎行楷简_B
1434440696206,AR XingShuB5S MD,文鼎行书简_M
1434440743112,AR YuanB5S BD,文鼎圆体简_B
1434440776675,AR YuanB5S HV,文鼎圆体简_H
1434440978550,AR HeiU30 MD,文鼎黑體U30_M
1434441012846,AR LiShuU30 MD,文鼎隸書U30_M
1434441045096,AR MingU30 DB,文鼎明體U30_D
1434441085268,AR MingU30 LT,文鼎明體U30_L
1434441185800,AR StdKaiU30 MD,文鼎標準楷體U30_M
1434441231659,AR StdSongU30 MD,文鼎標準宋體U30_M
1434441592831,AR ACTION,AR ACTION
1434441768690,AR ADEPT,AR ADEPT
1434441787253,AR ADRIANA,AR ADRIANA
1434441834143,AR AILEEN,AR AILEEN
1434441863758,AR AKEEM,AR AKEEM
1434441881227,AR ALBERT,AR ALBERT
1434441896336,AR ALEXA,AR ALEXA
1434441930273,AR ALEXANDRA,AR ALEXANDRA
1434441951836,AR ALFONSO,AR ALFONSO
1434441980211,AR ALICE,AR ALICE
1434442000898,AR AMBER,AR AMBER
1434442032070,AR Brush1 Extrabold Italic,AR Brush1 Extrabold Italic
1434442065211,AR Brush1 Heavy Italic,AR Brush1 Heavy Italic
1434442273383,AR Brush3 Demibold,AR Brush3 Demibold
1434442293133,AR Brush3 Medium,AR Brush3 Medium
1434442329789,AR Brush4 Heavy,AR Brush4 Heavy
1434442348008,AR Brush4 Ultra,AR Brush4 Ultra
1434442359133,AR Brush5 Bold,AR Brush5 Bold
1434442480805,AR Gothic1 Bold,AR Gothic1 Bold
1434442499586,AR Gothic1 Extrabold,AR Gothic1 Extrabold
1434442513211,AR Gothic1 Heavy,AR Gothic1 Heavy
1434442527414,AR Gothic1 Light,AR Gothic1 Light
1434442617492,AR Gothic2 Ultra,AR Gothic2 Ultra
1434442654180,AR RGothic1 Bold,AR RGothic1 Bold
1434442676664,AR RGothic1 Extrabold,AR RGothic1 Extrabold
1434442694461,AR RGothic1 Heavy,AR RGothic1 Heavy
1434442708227,AR RGothic1 Light,AR RGothic1 Light
1434442757102,AR RGothic1 Ultra,AR RGothic1 Ultra
1434442778992,AR RGothic2 Ultra Outline,AR RGothic2 Ultra Outline
1434442792258,AR RGothic2 Ultra Stencil,AR RGothic2 Ultra Stencil
1434442827023,AR Roman1 Extrabold,AR Roman1 Extrabold
1434442846727,AR Roman1 FS Bold,AR Roman1 FS Bold
1434442860508,AR Roman1 FS Light,AR Roman1 FS Light
1434442880695,AR Roman1 FS Medium,AR Roman1 FS Medium
1434442892711,AR Roman1 Heavy,AR Roman1 Heavy
1434442904461,AR Roman1 Kai Bold,AR Roman1 Kai Bold
1434442919930,AR Roman1 Kai Light,AR Roman1 Kai Light
1434442931820,AR Roman1 Kai Medium,AR Roman1 Kai Medium
1434442953961,AR Roman1 Light,AR Roman1 Light
1434442971898,AR Roman1 Medium,AR Roman1 Medium
1434442990820,AR Roman1 SHS Light,AR Roman1 SHS Light
1434443004555,AR Roman2 Ultra,AR Roman2 Ultra
1434443254508,AR Script1 Bold,AR Script1 Bold
1434443281492,AR Script1 Light,AR Script1 Light
1434443294789,AR Script2 Medium,AR Script2 Medium
1434443329695,AR Script3 Bold,AR Script3 Bold
1434443412289,AR Script6 Bold,AR Script6 Bold
1434611677420,AR ShangHaiSongGB LT,文鼎上海宋_L
1434612101472,AR ShuLinSongGB BD,文鼎书林宋体_B
1434612267839,AR ShuLinSongGB HV,文鼎书林宋体_H
1434612323607,AR CaiYunGB UL,文鼎彩云_U
1434612431082,AR ChiLunGB MD,文鼎齿轮体_M
1434612532924,AR DiaoKeGB BD,文鼎雕刻体_B
1434612607360,AR FangSongGB BD,文鼎粗仿宋
1434612692059,AR FangSongGB LT,文鼎细仿宋
1434612753402,AR GangBiXingKaiGB BD,文鼎粗钢笔行楷
1434612844212,AR GangBiXingKaiGB EB,文鼎大钢笔行楷
1434612875330,AR GangBiXingKaiGB LT,文鼎细钢笔行楷
1434612913561,AR GangBiXingKaiGB MD,文鼎中钢笔行楷
1434613025942,AR GuangGaoGB BD,文鼎粗广告体
1434613060451,AR GuangGaoGB EB,文鼎大广告体
1434613296881,AR HaiBaoGB BD,文鼎海报体_B
1434613366229,AR HeiGB LT,文鼎黑体_L
1434613431415,AR HuaBanGB UL,文鼎花瓣体_U
1434613475506,AR HuoChaiGB BD,文鼎火柴体_B
1434613521734,AR HuPoGB UL,文鼎琥珀_U
1434613576485,AR HuZiGB EB,文鼎胡子体_E
1434613621594,AR JianGouGB BD,文鼎贱狗体_B
1434613657801,AR CrystalHeiGB BD,文鼎晶栩黑体_B
1434613695399,AR CrystalHeiGB DB,文鼎晶栩黑体_D
1434613727051,AR CrystalHeiGB MD,文鼎晶栩黑体_M
1434613772441,AR KanTingLiuGB BD,文鼎粗勘亭流体
1434613815896,AR KanTingLiuGB HV,文鼎特勘亭流体
1434613846679,AR KanTingLiuGB UL,文鼎特粗勘亭流体
1434613901181,AR MaoKaiGB BD,文鼎粗毛楷体
1434613946780,AR MaoKaiGB EB,文鼎大毛楷体
1434613979065,AR MaoKaiGB HV,文鼎特毛楷体
1434614158616,AR NiuNiuGB BD,文鼎妞妞体_B
1434614208138,AR PiLiGB UL,文鼎霹雳体_U
1434614455941,AR JingJiGB MD,文鼎荆棘体_M
1434614520537,AR Pop4GB BD,文鼎ＰＯＰ－４体_B
1434614575895,AR QianZiBiGB EB,文鼎大签字笔体
1434614640938,AR SheiDeZiGB MD,文鼎谁的字体_M
1434614692162,AR ShuiGuanGB BD,文鼎水管体_B
1434614837787,AR ShuLinHeiGB LT,文鼎书林黑体_L
1434614867751,AR ShuLinHeiGB MD,文鼎书林黑体_M
1434614906536,AR ShuSongGB MD,文鼎书宋
1434614939278,AR ShuLinSongGB UL,文鼎书林宋体_U
1434614994316,AR StoneGB EB,文鼎石头体_E
1434615021801,AR TanHuangGB BD,文鼎弹簧体_B
1434615075425,AR TianNiuGB BD,文鼎粗甜妞体
1434615110836,AR TianNiuGB HV,文鼎特甜妞体
1434615157732,AR WeiBeiGB EB,文鼎大魏碑体
1434615198539,AR WeiBeiGB MD,文鼎中魏碑体
1434615228720,AR XiangChangGB BD,文鼎香肠体_B
1434615273439,AR XiaoSaGB MD,文鼎潇洒体_M
1434615322081,AR XingKaiBeiGB BD,文鼎行楷碑体_B
1434615379209,AR XingKaiGB BD,文鼎粗行楷体
1434615430939,AR XingShuGB MD,文鼎中行书
1434615476910,AR XiZiGB UL,文鼎习字体_U
1434615525981,AR YanKaiGB HV,文鼎特颜楷
1434615568936,AR YanShuiGB EB,文鼎淹水体_E
1434615623671,AR YuanGB HV,文鼎特圆
1434615651364,AR YuanGB MD,文鼎中圆
1434615684948,AR YuanGB UL,文鼎特粗圆
1434615732466,AR YuanLiGB BD,文鼎圆立体_B
1434615773067,AR ZhuZiGB MD,文鼎竹子体_M
1434615802214,AR ShangHaiSongG30 LT,文鼎上海宋G30_L
1434616586986,AR GangBiXingKaiG30 BD,文鼎粗钢笔行楷G30
1434617244605,AR CrystalHeiG30 BD,文鼎晶栩粗黑G30
1434617285477,AR CrystalHeiG30 DB,文鼎晶栩中粗黑G30
1434617320818,AR CrystalHeiG30 MD,文鼎晶栩中黑G30
1434617351262,AR KaiG30 MD,文鼎中楷体G30
1434617385214,AR QianZiBiG30 EB,文鼎大签字笔体G30
1434617456442,AR WeiBeiG30 BD,文鼎粗魏碑体G30
1434617511335,AR UDJingXiHeiB5HK MD,文鼎UD晶熙黑體HK_M
1434617623498,AR UDJingXiHeiB5HK DB,文鼎UD晶熙黑體HK_D
1434617692168,AR UDJingXiHeiB5HK BD,文鼎UD晶熙黑體HK_B
1434617734885,AR UDJingXiHeiB5HK EB,文鼎UD晶熙黑體HK_E
1434617775452,AR UDJingXiHeiB5HK HV,文鼎UD晶熙黑體HK_H
1434617775452,AR UDJingXiHeiB5HK MD,文鼎UD晶熙黑體HK_M
1434617823073,AR UDJingXiHeiE1B5HK MD,文鼎UD晶熙黑體E1HK_M
1434617888934,AR UDJingXiHeiE1B5HK DB,文鼎UD晶熙黑體E1HK_D
1434617936813,AR UDJingXiHeiE1B5HK BD,文鼎UD晶熙黑體E1HK_B
1434617996306,AR UDJingXiHeiE1B5HK EB,文鼎UD晶熙黑體E1HK_E
1434618041592,AR UDJingXiHeiE1B5HK HV,文鼎UD晶熙黑體E1HK_H
1436923366415,AR DCLaoWaiSongG30,文鼎DC老外宋G30
1437991429152,AR UDShuYuanHeiB5 MD,文鼎UD書苑黑體_M
1437991950152,AR UDShuYuanHeiB5 BD,文鼎UD書苑黑體_B
1442385645071,AR UDJingXiHeiAktivGB LT,文鼎UD晶熙黑体Aktiv_L
1442386843529,AR UDJingXiHeiAktivGB DB,文鼎UD晶熙黑体Aktiv_D
1442387069581,AR UDJingXiHeiAktivGB EB,文鼎UD晶熙黑体Aktiv_E
1442387150699,AR UDJingXiHeiAktivGB HV,文鼎UD晶熙黑体Aktiv_H
1442387283879,AR UDJingXiHeiAktivG30 LT,文鼎UD晶熙黑体AktivG30_L
1442388814461,AR UDJingXiHeiAktivG30 DB,文鼎UD晶熙黑体AktivG30_D
1442389498260,AR UDJingXiHeiAktivG30 EB,文鼎UD晶熙黑体AktivG30_E
1442389806536,AR UDJingXiHeiAktivG30 HV,文鼎UD晶熙黑体AktivG30_H
1442389882174,AR UDJingXiHeiAktivBHK LT,文鼎UD晶熙黑體AktivBHK_L
1442389987040,AR UDJingXiHeiAktivBHK DB,文鼎UD晶熙黑體AktivBHK_D
1442390125233,AR UDJingXiHeiAktivBHK EB,文鼎UD晶熙黑體AktivBHK_E
1442390198066,AR UDJingXiHeiAktivBHK HV,文鼎UD晶熙黑體AktivBHK_H
1442390265136,AR UDJingXiHeiAktivJP LT,AR UD 晶熙ゴシック体Aktiv_L
1442390372404,AR UDJingXiHeiAktivJP DB,AR UD 晶熙ゴシック体Aktiv_D
1442390470677,AR UDJingXiHeiAktivJP EB,AR UD 晶熙ゴシック体Aktiv_E
1442390543233,AR UDJingXiHeiAktivJP HV,AR UD 晶熙ゴシック体Aktiv_H
1444716098606,AR DCQKJingYaGB MD,文鼎DC庆科静雅体_M
1451447365603,AR UDJingxiheiGB MD,文鼎UD晶熙黑体_M
1451447788725,AR UDJingxiheiGB DB,文鼎UD晶熙黑体_D
1451448019650,AR UDJingxiheiGB BD,文鼎UD晶熙黑体_B
1451448077618,AR UDJingxiheiGB EB,文鼎UD晶熙黑体_E
1451448122365,AR UDJingxiheiGB HV,文鼎UD晶熙黑体_H
1451524895102,AR UDJingXiHeiJP MD,ARUD晶熙ゴシック体_M
1451525389032,AR UDJingXiHeiJP DB,ARUD晶熙ゴシック体_D
1451525504800,AR UDJingXiHeiJP BD,ARUD晶熙ゴシック体_B
1451525572402,AR UDJingXiHeiJP EB,ARUD晶熙ゴシック体_E
1451525639879,AR UDJingXiHeiJP HV,ARUD晶熙ゴシック体_H
1453701045723,AR UDJingXiHeiG30 MD,文鼎UD晶熙黑体G30_M
1453701238634,AR UDJingXiHeiG30 DB,文鼎UD晶熙黑体G30_D
1453701352705,AR UDJingXiHeiG30 BD,文鼎UD晶熙黑体G30_B
1453701511452,AR UDJingXiHeiG30 EB,文鼎UD晶熙黑体G30_E
1453701553681,AR UDJingXiHeiG30 HV,文鼎UD晶熙黑体G30_H
1453701602689,AR UDJingXiHeiE1G30 MD,文鼎UD晶熙黑体E1G30_M
1453701715124,AR UDJingXiHeiE1G30 DB,文鼎UD晶熙黑体E1G30_D
1453701747164,AR UDJingXiHeiE1G30 BD,文鼎UD晶熙黑体E1G30_B
1453701803668,AR UDJingXiHeiE1G30 EB,文鼎UD晶熙黑体E1G30_E
1453701888508,AR UDJingXiHeiE1G30 HV,文鼎UD晶熙黑体E1G30_H
1457343158305,AR MyungjoKR MD,AR MyungjoKR MD
1457344093562,GungSeo Medium,GungSeo Medium
1457344280605,AR GothicKR5 MD,AR GothicKR5 MD
1457344435270,AR GothicKR5 BD,AR GothicKR5 BD
1458021766840,AR NaGoMiPOPGB BD,文鼎奈谷米POP体_B
1458023444101,AR UDJingXiHeiXG30 MD,文鼎UD晶熙黑体XG30_M
1458023737821,AR UDJingXiHeiXG30 DB,文鼎UD晶熙黑体XG30_D
1458024134383,AR UDJingXiHeiXG30 BD,文鼎UD晶熙黑体XG30_B
1458024260648,AR UDJingXiHeiXG30 EB,文鼎UD晶熙黑体XG30_E
1458024330841,AR UDJingXiHeiXG30 HV,文鼎UD晶熙黑体XG30_H
1458024473623,AR UDJingXiHeiE1XG30 MD,文鼎UD晶熙黑体E1XG30_M
1458024663444,AR UDJingXiHeiE1XG30 DB,文鼎UD晶熙黑体E1XG30_D
1458024724482,AR UDJingXiHeiE1XG30 BD,文鼎UD晶熙黑体E1XG30_B
1458024845993,AR UDJingXiHeiE1XG30 EB,文鼎UD晶熙黑体E1XG30_E
1458024948547,AR UDJingXiHeiE1XG30 HV,文鼎UD晶熙黑体E1XG30_H
1458025135753,AR Hebe Sans Vi,AR Hebe Sans Vi
1458025432864,AR Fruda Sans Vi,AR Fruda Sans Vi
1458025469101,AR Verdure Sans Vi,AR Verdure Sans Vi
1458025515028,AR Roman Kai,AR Roman Kai
1458034793483,AR UDJingXiHeiE1GB MD,文鼎UD晶熙黑体E1_M
1458034849812,AR UDJingXiHeiE1GB DB,文鼎UD晶熙黑体E1_D
1458034897069,AR UDJingXiHeiE1GB BD,文鼎UD晶熙黑体E1_B
1458034953320,AR UDJingXiHeiE1GB EB,文鼎UD晶熙黑体E1_E
1458035000519,AR UDJingXiHeiE1GB HV,文鼎UD晶熙黑体E1_H
1458111021297,AR DCHYJianWeiGB BD,文鼎DC黄阳尖魏体_B
1459327252420,AR BopomofaDL Ul,文鼎虛線注音符號
1459327366137,AR StdKaiGDLB5 Md,文鼎標楷虛線國字
1459491650847,AR FangXinShuH7B5 HV,文鼎方新書H7_H
1461225057049,AR PixelHBar12B5 MD,文鼎橫線像素12_M
1461226476391,AR PixelHBar12GB MD,文鼎横线像素12_M
1461226659788,AR PixelDiagonal12B5 MD,文鼎斜線像素12_M
1461226816065,AR PixelDiagonal12GB MD,文鼎斜线像素12_M
1465797264455,AR WBSHC1B5 Md,文鼎空框上漢語拼音C1
1465797478523,AR WBSHL1B5 Md,文鼎空框上漢語拼音L1
1465802625294,AR WBXHC1B5 Md,文鼎空框下漢語拼音C1
1465803185539,AR WBXHL1B5 Md,文鼎空框下漢語拼音L1
1465803312101,AR HeiSHYC1 Bd,文鼎粗黑上漢語拼音C1
1465803465595,AR HeiSHYL1 Bd,文鼎粗黑上漢語拼音L1
1465803641651,AR HeiXHYC1 Bd,文鼎粗黑下漢語拼音C1
1465803767909,AR HeiXHYL1 Bd,文鼎粗黑下漢語拼音L1
1465803860781,AR StdKaiSHYC1 Md,文鼎標楷上漢語拼音C1
1465803963432,AR StdKaiSHYL1 Md,文鼎標楷上漢語拼音L1
1465804086264,AR StdKaiXHYC1 Md,文鼎標楷下漢語拼音C1
1465804200075,AR StdKaiXHYL1 Md,文鼎標楷下漢語拼音L1
1465804316963,AR WHanYuC1B5 Md,文鼎漢語寬拼音C1
1465804469767,AR WHanYuL1B5 Md,文鼎漢語寬拼音L1
1465804574979,AR HeiWSHYC1B5 Bd,文鼎粗黑上漢語寬拼音C1
1465804680964,AR HeiWSHYL1B5 Bd,文鼎粗黑上漢語寬拼音L1
1465804770418,AR HeiWXHYC1B5 Bd,文鼎粗黑下漢語寬拼音C1
1465805012654,AR HeiWXHYL1B5 Bd,文鼎粗黑下漢語寬拼音L1
1465805164620,AR StdKaiWSHYC1B5 Md,文鼎標楷上漢語寬拼音C1
1465805282838,AR StdKaiWSHYL1B5 Md,文鼎標楷上漢語寬拼音L1
1465805386766,AR StdKaiWXHYC1B5 Md,文鼎標楷下漢語寬拼音C1
1465805472569,AR StdKaiWXHYL1B5 Md,文鼎標楷下漢語寬拼音L1
1465874000380,AR CuheiSHC1GB Bd,文鼎粗黑上汉语拼音C1
1465875347374,AR CuheiSHL1GB Bd,文鼎粗黑上汉语拼音L1
1465875476291,AR CuheiXHC1GB Bd,文鼎粗黑下汉语拼音C1
1465875579154,AR CuheiXHL1GB Bd,文鼎粗黑下汉语拼音L1
1465875682533,AR KaiSHC1GB Md,文鼎中楷上汉语拼音C1
1465875788535,AR KaiSHL1GB Md,文鼎中楷上汉语拼音L1
1465875915363,AR KaiXHC1GB Md,文鼎中楷下汉语拼音C1
1465875997680,AR KaiXHL1GB Md,文鼎中楷下汉语拼音L1
1465956062024,AR ShuLinSongGB LT,文鼎书林宋体_L
1465956317945,AR ShuLinSongGB MD,文鼎书林宋体_M
1465956535305,AR ShuLinSongGB EB,文鼎书林宋体_E
1467271471889,AR StdKaiZuinn Md,文鼎標楷注音
1467271620058,AR StdMingZuinn Bd,文鼎粗標宋注音
1467272067354,AR StdMingZuinn Md,文鼎標宋注音
1467272122067,AR StdMingZuinn Eb,文鼎中特標宋注音
1467272288941,AR StdMingZuinn Hv,文鼎特標宋注音
1467272340393,AR HeiZuinn Md,文鼎中黑注音
1467272391384,AR HeiZuinn Bd,文鼎粗黑注音
1467272466243,AR YenZuinn Lt,文鼎細圓注音
1467272502449,AR YenZuinn Md,文鼎中圓注音
1467272565384,AR YenZuinn Bd,文鼎粗圓注音
1467272624910,AR TsauMeiZuinn Hv,文鼎草莓注音
1467272678781,AR HuaTsauZuinn Eb,文鼎花草注音
1467272728612,AR ZhuYinEX Md,文鼎注音寬字
1467272783992,AR ZhuYinNR Md,文鼎注音窄字
1467272845119,AR ZhuYinEXBX Md,文鼎注音寬字方框
1467272895199,AR ZhuYinDLB5 Md,文鼎虛線注音
1467272945769,AR StdKaiGWB Md,文鼎標楷國字空框
1467272987029,AR StdKaiGBX Md,文鼎標楷國字方框
1467273029935,AR StdKaiZWB Md,文鼎標楷注音空框
1467273084249,AR StdKaiZBX Md,文鼎標楷注音方框
1467273123933,AR StdMingGWB Md,文鼎標宋國字空框
1467273189158,AR StdMingGBX Md,文鼎標宋國字方框
1467273239025,AR StdMingZBX Md,文鼎標宋注音方框
1469605710504,AR DCCSTMoritaGB BD,文鼎DC陈森田MORITA_B
1471585523861,AR Pixel3D20B5 MD,文鼎立體像素20_M
1471585984103,AR Pixel3D20GB MD,文鼎立体像素20_M
1471586173113,AR PixelSquShad20B5 MD,文鼎漸層方點像素20_M
1471586393360,AR PixelSquShad20GB MD,文鼎渐层方点像素20_M
1472611759156,AR NewHebeSansTh,AR NewHebeSansTh
1472613635783,AR NewHebeSansTh DB,AR NewHebeSansTh DB
1472613799980,AR NewHebeSansTh BD,AR NewHebeSansTh BD
1472613886249,AR NewHebeSansTh EB,AR NewHebeSansTh EB
1472613962376,AR NewHebeSansTh HV,AR NewHebeSansTh HV
1473748272345,AR NewHebeSansHe,AR NewHebeSansHe
1473748868489,AR NewHebeSansHe DB,AR NewHebeSansHe DB
1473749021092,AR NewHebeSansHe BD,AR NewHebeSansHe BD
1473749126292,AR NewHebeSansHe EB,AR NewHebeSansHe EB
1473749196116,AR NewHebeSansHe HV,AR NewHebeSansHe HV
1473749911788,AR FangXinShuH7C80B5 HV,文鼎方新書H7C80_H
1473750636853,AR FangXinShuH7C90B5 HV,文鼎方新書H7C90_H
1473751668413,AR FangXinShuH7C95B5 HV,文鼎方新書H7C95_H
1473834750928,AR DCCSTMoritaB5 BD,文鼎DC陳森田MORITA_B
1475200000000,Aktiv Grotesk Hair,Aktiv Grotesk Hair
1475200000001,Aktiv Grotesk Thin,Aktiv Grotesk Thin
1475200000002,Aktiv Grotesk Light,Aktiv Grotesk Light
1475200000003,Aktiv Grotesk,Aktiv Grotesk
1475200000004,Aktiv Grotesk Medium,Aktiv Grotesk Medium
1475200000005,Aktiv Grotesk Bold,Aktiv Grotesk Bold
1475200000006,Aktiv Grotesk XBold,Aktiv Grotesk XBold
1475200000007,Aktiv Grotesk Black,Aktiv Grotesk Black
1475200000008,Aktiv Grotesk Hair Italic,Aktiv Grotesk Hair Italic
1475200000009,Aktiv Grotesk Thin Italic,Aktiv Grotesk Thin Italic
1475200000010,Aktiv Grotesk Light Italic,Aktiv Grotesk Light Italic
1475200000011,Aktiv Grotesk Italic,Aktiv Grotesk Italic
1475200000012,Aktiv Grotesk Medium Italic,Aktiv Grotesk Medium Italic
1475200000013,Aktiv Grotesk Bold Italic,Aktiv Grotesk Bold Italic
1475200000014,Aktiv Grotesk XBold Italic,Aktiv Grotesk XBold Italic
1475200000015,Aktiv Grotesk Black Italic,Aktiv Grotesk Black Italic
1475200000016,Aktiv Grotesk Cd Hair,Aktiv Grotesk Cd Hair
1475200000017,Aktiv Grotesk Cd Thin,Aktiv Grotesk Cd Thin
1475200000018,Aktiv Grotesk Cd Light,Aktiv Grotesk Cd Light
1475200000019,Aktiv Grotesk Cd,Aktiv Grotesk Cd
1475200000020,Aktiv Grotesk Cd Medium,Aktiv Grotesk Cd Medium
1475200000021,Aktiv Grotesk Cd Bold,Aktiv Grotesk Cd Bold
1475200000022,Aktiv Grotesk Cd XBold,Aktiv Grotesk Cd XBold
1475200000023,Aktiv Grotesk Cd Black,Aktiv Grotesk Cd Black
1475200000024,Aktiv Grotesk Cd Hair Italic,Aktiv Grotesk Cd Hair Italic
1475200000025,Aktiv Grotesk Cd Thin Italic,Aktiv Grotesk Cd Thin Italic
1475200000026,Aktiv Grotesk Cd Light Italic,Aktiv Grotesk Cd Light Italic
1475200000027,Aktiv Grotesk Cd Italic,Aktiv Grotesk Cd Italic
1475200000028,Aktiv Grotesk Cd Medium Italic,Aktiv Grotesk Cd Medium Italic
1475200000029,Aktiv Grotesk Cd Bold Italic,Aktiv Grotesk Cd Bold Italic
1475200000030,Aktiv Grotesk Cd XBold Italic,Aktiv Grotesk Cd XBold Italic
1475200000031,Aktiv Grotesk Cd Black Italic,Aktiv Grotesk Cd Black Italic
1475200000032,Aktiv Grotesk Ex Hair,Aktiv Grotesk Ex Hair
1475200000033,Aktiv Grotesk Ex Thin,Aktiv Grotesk Ex Thin
1475200000034,Aktiv Grotesk Ex Light,Aktiv Grotesk Ex Light
1475200000035,Aktiv Grotesk Ex,Aktiv Grotesk Ex
1475200000036,Aktiv Grotesk Ex Medium,Aktiv Grotesk Ex Medium
1475200000037,Aktiv Grotesk Ex Bold,Aktiv Grotesk Ex Bold
1475200000038,Aktiv Grotesk Ex XBold,Aktiv Grotesk Ex XBold
1475200000039,Aktiv Grotesk Ex Black,Aktiv Grotesk Ex Black
1475200000040,Aktiv Grotesk Ex Hair Italic,Aktiv Grotesk Ex Hair Italic
1475200000041,Aktiv Grotesk Ex Thin Italic,Aktiv Grotesk Ex Thin Italic
1475200000042,Aktiv Grotesk Ex Light Italic,Aktiv Grotesk Ex Light Italic
1475200000043,Aktiv Grotesk Ex Italic,Aktiv Grotesk Ex Italic
1475200000044,Aktiv Grotesk Ex Medium Italic,Aktiv Grotesk Ex Medium Italic
1475200000045,Aktiv Grotesk Ex Bold Italic,Aktiv Grotesk Ex Bold Italic
1475200000046,Aktiv Grotesk Ex XBold Italic,Aktiv Grotesk Ex XBold Italic
1475200000047,Aktiv Grotesk Ex Black Italic,Aktiv Grotesk Ex Black Italic
1475200000048,Effra Light,Effra Light
1475200000049,Effra,Effra
1475200000050,Effra Medium,Effra Medium
1475200000051,Effra Bold,Effra Bold
1475200000052,Effra Heavy,Effra Heavy
1475200000053,Effra Light Italic,Effra Light Italic
1475200000054,Effra Italic,Effra Italic
1475200000055,Effra Medium Italic,Effra Medium Italic
1475200000056,Effra Bold Italic,Effra Bold Italic
1475200000057,Effra Heavy Italic,Effra Heavy Italic
1475200000058,Foco Light,Foco Light
1475200000059,Foco,Foco
1475200000060,Foco Bold,Foco Bold
1475200000061,Foco Black,Foco Black
1475200000062,Foco Light Italic,Foco Light Italic
1475200000063,Foco Italic,Foco Italic
1475200000064,Foco Bold Italic,Foco Bold Italic
1475200000065,Foco Black Italic,Foco Black Italic
1475200000066,Aller Light,Aller Light
1475200000067,Aller,Aller
1475200000068,Aller Bold,Aller Bold
1475200000069,Aller Light Italic,Aller Light Italic
1475200000070,Aller Italic,Aller Italic
1475200000071,Aller Bold Italic,Aller Bold Italic
1475200000072,Aller Display,Aller Display
1475200000073,Tondo Light,Tondo Light
1475200000074,Tondo,Tondo
1475200000075,Tondo Bold,Tondo Bold
1475200000076,Tondo Signage,Tondo Signage
1475200000077,Co Text Light,Co Text Light
1475200000078,Co Text,Co Text
1475200000079,Co Text Bold,Co Text Bold
1475200000080,Co Headline Light,Co Headline Light
1475200000081,Co Headline,Co Headline
1475200000082,Co Headline Bold,Co Headline Bold
1475200000083,Lexia Thin,Lexia Thin
1475200000084,Lexia Light,Lexia Light
1475200000085,Lexia,Lexia
1475200000086,Lexia Bold,Lexia Bold
1475200000087,Lexia XBold,Lexia XBold
1475200000088,Lexia Black,Lexia Black
1475200000089,Lexia Advertising,Lexia Advertising
1475200000090,Lexia Thin Italic,Lexia Thin Italic
1475200000091,Lexia Light Italic,Lexia Light Italic
1475200000092,Lexia Italic,Lexia Italic
1475200000093,Lexia Bold Italic,Lexia Bold Italic
1475200000094,Lexia XBold Italic,Lexia XBold Italic
1475200000095,Lexia Black Italic,Lexia Black Italic
1475200000096,Lexia Advertising Italic,Lexia Advertising Italic
1475200000097,InterFace Thin,InterFace Thin
1475200000098,InterFace Light,InterFace Light
1475200000099,Interface,Interface
1475200000100,InterFace Bold,InterFace Bold
1475200000101,InterFace XBold,InterFace XBold
1475200000102,InterFace Black,InterFace Black
1475200000103,InterFace Thin Italic,InterFace Thin Italic
1475200000104,InterFace Light Italic,InterFace Light Italic
1475200000105,InterFace Italic,InterFace Italic
1475200000106,InterFace Bold Italic,InterFace Bold Italic
1475200000107,InterFace XBold Italic,InterFace XBold Italic
1475200000108,InterFace Black Italic,InterFace Black Italic
1475200000109,Soleto Thin,Soleto Thin
1475200000110,Soleto Light,Soleto Light
1475200000111,Soleto,Soleto
1475200000112,Soleto Medium,Soleto Medium
1475200000113,Soleto Bold,Soleto Bold
1475200000114,Soleto XBold,Soleto XBold
1475200000115,Soleto Black,Soleto Black
1475200000116,Soleto Thin Italic,Soleto Thin Italic
1475200000117,Soleto Light Italic,Soleto Light Italic
1475200000118,Soleto Italic,Soleto Italic
1475200000119,Soleto Medium Italic,Soleto Medium Italic
1475200000120,Soleto Bold Italic,Soleto Bold Italic
1475200000121,Soleto XBold Italic,Soleto XBold Italic
1475200000122,Soleto Black Italic,Soleto Black Italic
1475200000123,Verveine,Verveine
1475200000124,Prometo Thin,Prometo Thin
1475200000125,Prometo Light,Prometo Light
1475200000126,Prometo,Prometo
1475200000127,Prometo Medium,Prometo Medium
1475200000128,Prometo Bold,Prometo Bold
1475200000129,Prometo XBold,Prometo XBold
1475200000130,Prometo Black,Prometo Black
1475200000131,Prometo Thin Italic,Prometo Thin Italic
1475200000132,Prometo Light Italic,Prometo Light Italic
1475200000133,Prometo Italic,Prometo Italic
1475200000134,Prometo Medium Italic,Prometo Medium Italic
1475200000135,Prometo Bold Italic,Prometo Bold Italic
1475200000136,Prometo XBold Italic,Prometo XBold Italic
1475200000137,Prometo Black Italic,Prometo Black Italic
1475200000138,Plume,Plume
1475200000139,Plume Bold,Plume Bold
1475200000140,Plume Ad Black,Plume Ad Black
1475200000141,Plume Italic,Plume Italic
1475200000142,Plume Bold Italic,Plume Bold Italic
1475200000143,Plume Ad Black Italic,Plume Ad Black Italic
1475200000144,Stroudley Light,Stroudley Light
1475200000145,Stroudley Regular,Stroudley Regular
1475200000146,Stroudley Bold,Stroudley Bold
1475200000147,Stroudley Light Italic,Stroudley Light Italic
1475200000148,Stroudley Italic,Stroudley Italic
1475200000149,Stroudley Bold Italic,Stroudley Bold Italic
1475200000156,Cordale,Cordale
1475200000157,Cordale Bold,Cordale Bold
1475200000158,Cordale Italic,Cordale Italic
1475200000159,Cordale Bold Italic,Cordale Bold Italic
1475200000160,Blenny Black,Blenny Black
1475200000161,Tornac,Tornac
1475200000162,Kings Caslon,Kings Caslon
1475200000163,Kings Caslon Bold,Kings Caslon Bold
1475200000164,Kings Caslon Display,Kings Caslon Display
1475200000165,Kings Caslon Italic,Kings Caslon Italic
1475200000166,Kings Caslon Bold Italic,Kings Caslon Bold Italic
1475200000167,Kings Caslon Display Italic,Kings Caslon Display Italic
1475200000168,Elevon ZeroG,Elevon ZeroG
1475200000169,Elevon OneG,Elevon OneG
1475200000170,Elevon TwoG,Elevon TwoG
1475200000171,Elevon ThreeG,Elevon ThreeG
1475200000172,Elevon FourG,Elevon FourG
1475200000173,Almaq Refined,Almaq Refined
1475200000174,Almaq Rough,Almaq Rough
1475200000175,Grueber,Grueber
1475200000176,Grueber Bold,Grueber Bold
1475200000177,Dedica,Dedica
1475200000178,Dedica Bold,Dedica Bold
1475200000179,Dedica Italic,Dedica Italic
1475200000180,Tephra 0,Tephra 0
1475200000181,Tephra 12,Tephra 12
1475200000182,Tephra 50,Tephra 50
1475200000183,Tephra 100,Tephra 100
1475200000184,Tephra 138,Tephra 138
1475200000185,Tephra 250,Tephra 250
1475200000192,Magpie,Magpie
1475200000193,Magpie Bold,Magpie Bold
1475200000194,Magpie Italic,Magpie Italic
1475200000195,Magpie Bold Italic,Magpie Bold Italic
1475200000200,Bligh Light,Bligh Light
1475200000201,Bligh,Bligh
1475200000202,Bligh Bold,Bligh Bold
1475200000203,Bressay Regular,Bressay Regular
1475200000204,Bressay Bold,Bressay Bold
1475200000205,Bressay Display Regular,Bressay Display Regular
1475200000206,Bressay Italic,Bressay Italic
1475200000207,Bressay Bold Italic,Bressay Bold Italic
1475200000208,Bressay Display Italic,Bressay Display Italic
1475200000209,Objektiv Mk1 Thin,Objektiv Mk1 Thin
1475200000210,Objektiv Mk1 Light,Objektiv Mk1 Light
1475200000211,Objektiv Mk1,Objektiv Mk1
1475200000212,Objektiv Mk1 Medium,Objektiv Mk1 Medium
1475200000213,Objektiv Mk1 Bold,Objektiv Mk1 Bold
1475200000214,Objektiv Mk1 XBold,Objektiv Mk1 XBold
1475200000215,Objektiv Mk1 Black,Objektiv Mk1 Black
1475200000216,Objektiv Mk1 Thin Italic,Objektiv Mk1 Thin Italic
1475200000217,Objektiv Mk1 Light Italic,Objektiv Mk1 Light Italic
1475200000218,Objektiv Mk1 Italic,Objektiv Mk1 Italic
1475200000219,Objektiv Mk1 Medium Italic,Objektiv Mk1 Medium Italic
1475200000220,Objektiv Mk1 Bold Italic,Objektiv Mk1 Bold Italic
1475200000221,Objektiv Mk1 XBold Italic,Objektiv Mk1 XBold Italic
1475200000222,Objektiv Mk1 Black Italic,Objektiv Mk1 Black Italic
1475200000223,Setimo Light,Setimo Light
1475200000224,Setimo,Setimo
1475200000225,Setimo Bold,Setimo Bold
1475200000226,Setimo Light Italic,Setimo Light Italic
1475200000227,Setimo Italic,Setimo Italic
1475200000228,Setimo Bold Italic,Setimo Bold Italic
1476327378875,AR PixelMontage20B5 MD,文鼎拼貼像素20_M
1476327621145,AR PixelMontage20GB MD,文鼎拼贴像素20_M
1476341983294,AR DCYKXingKaiB5 BD,文鼎DC云康行楷_B
1479450615304,AR FangXinShuH7C80DB5 HV,文鼎方新書H7C80D_H
1479450915844,AR FangXinShuH7C90DB5 HV,文鼎方新書H7C90D_H
1479451125204,AR FangXinShuH7C95DB5 HV,文鼎方新書H7C95D_H
1479451625929,AR DCXiangJiaoRenGB BD,文鼎DC香蕉人体_B
1481680862738,AR FangXinShuH7GB HV,文鼎方新书H7_H
1482215699736,AR ShuLinMingB5 LT,文鼎書林明體_L
1482216123549,AR ShuLinMingB5 MD,文鼎書林明體_M
1482217121986,AR ShuLinMingB5 EB,文鼎書林明體_E
1482300454673,AR ShuLinMingB5 BD,文鼎書林明體_B
1484290628917,AR DCYKXingKaiGB BD,文鼎DC云康行楷体_B
1487065743339,AR MingB5Std MD,文鼎明體 B5Std_M
1487065743339,AR MingB5Std MD,文鼎明體B5Std_M
1487065933277,AR YuanB5Std LT,文鼎圓體 B5Std_L
1487065933277,AR YuanB5Std LT,文鼎圓體B5Std_L
1487066124651,AR YuanB5Std BD,文鼎圓體 B5Std_B
1487066124651,AR YuanB5Std BD,文鼎圓體B5Std_B
1487066291140,AR HeiB5Std LT,文鼎黑體 B5Std_L
1487066291140,AR HeiB5Std LT,文鼎黑體B5Std_L
1487066455950,AR HeiB5Std MD,文鼎黑體 B5Std_M
1487066455950,AR HeiB5Std MD,文鼎黑體B5Std_M
1487066619249,AR HeiB5Std EB,文鼎黑體 B5Std_E
1487066619249,AR HeiB5Std EB,文鼎黑體B5Std_E
1487066770618,AR HeiB5Std UL,文鼎黑體 B5Std_U
1487066770618,AR HeiB5Std UL,文鼎黑體B5Std_U
1487067038547,AR KaiB5Std MD,文鼎楷體 B5Std_M
1487067038547,AR KaiB5Std MD,文鼎楷體B5Std_M
1487067171147,AR LiShuB5Std MD,文鼎隸書 B5Std_M
1487067171147,AR LiShuB5Std MD,文鼎隸書B5Std_M
1487067313509,AR XingShuB5Std MD,文鼎行書 B5Std_M
1487067313509,AR XingShuB5Std MD,文鼎行書B5Std_M
1487067455076,AR UDJingXiHeiB5Pro MD,文鼎UD晶熙黑體 B5Pro_M
1487067455076,AR UDJingXiHeiB5Pro MD,文鼎UD晶熙黑體B5Pro_M
1487067735911,AR UDJingXiHeiB5Pro DB,文鼎UD晶熙黑體 B5Pro_D
1487067735911,AR UDJingXiHeiB5Pro DB,文鼎UD晶熙黑體B5Pro_D
1487067942515,AR UDJingXiHeiB5Pro BD,文鼎UD晶熙黑體 B5Pro_B
1487067942515,AR UDJingXiHeiB5Pro BD,文鼎UD晶熙黑體B5Pro_B
1487068125979,AR UDJingXiHeiB5Pro EB,文鼎UD晶熙黑體 B5Pro_E
1487068125979,AR UDJingXiHeiB5Pro EB,文鼎UD晶熙黑體B5Pro_E
1487068271155,AR UDJingXiHeiB5Pro HV,文鼎UD晶熙黑體 B5Pro_H
1487068271155,AR UDJingXiHeiB5Pro HV,文鼎UD晶熙黑體B5Pro_H
1487829224184,AR ShuYuanSongH32GB HV,文鼎书苑宋H32_H
1488940921979,AR LiShuGB BD,文鼎粗隶
1488942415160,AR YangGB HV,文鼎喜羊羊_H
1488942764472,AR TianXinGB UL,文鼎甜心体_U
1489386514639,AR FangXinShuH7C95GB HV,文鼎方新书H7C95_H
1489388237026,AR FangXinShuH7C90GB HV,文鼎方新书H7C90_H
1489388908434,AR FangXinShuH7C80GB HV,文鼎方新书H7C80_H
1490241517267,AR MingB5Std LT,文鼎明體 B5Std_L
1490241517267,AR MingB5Std LT,文鼎明體B5Std_L
1490242197382,AR MingB5Std EB,文鼎明體 B5Std_E
1490242197382,AR MingB5Std EB,文鼎明體B5Std_E
1490247539972,AR MingB5Std UL,文鼎明體 B5Std_U
1490247539972,AR MingB5Std UL,文鼎明體B5Std_U
1490248421046,AR YuanB5Std MD,文鼎圓體 B5Std_M
1490248421046,AR YuanB5Std MD,文鼎圓體B5Std_M
1490255944668,AR YuanB5Std EB,文鼎圓體 B5Std_E
1490255944668,AR YuanB5Std EB,文鼎圓體B5Std_E
1490256671405,AR YuanB5Std HV,文鼎圓體 B5Std_H
1490256671405,AR YuanB5Std HV,文鼎圓體B5Std_H
1490257024185,AR YuanB5Std UL,文鼎圓體 B5Std_U
1490257024185,AR YuanB5Std UL,文鼎圓體B5Std_U
1490257372537,AR NewHeiB5Std LT,文鼎新黑體 B5Std_L
1490257702560,AR NewHeiB5Std MD,文鼎新黑體 B5Std_M
1490257962988,AR NewHeiB5Std BD,文鼎新黑體 B5Std_B
1490258193710,AR NewHeiB5Std EB,文鼎新黑體 B5Std_E
1490258546788,AR NewHeiB5Std HV,文鼎新黑體 B5Std_H
1490258887413,AR UDJingXiHeiE1B5Pro MD,文鼎UD晶熙黑體 E1B5Pro_M
1490258887413,AR UDJingXiHeiE1B5Pro MD,文鼎UD晶熙黑體E1B5Pro_M
1490259179160,AR UDJingXiHeiE1B5Pro DB,文鼎UD晶熙黑體 E1B5Pro_D
1490259179160,AR UDJingXiHeiE1B5Pro DB,文鼎UD晶熙黑體E1B5Pro_D
1490259388382,AR UDJingXiHeiE1B5Pro BD,文鼎UD晶熙黑體 E1B5Pro_B
1490259388382,AR UDJingXiHeiE1B5Pro BD,文鼎UD晶熙黑體E1B5Pro_B
1490259645108,AR UDJingXiHeiE1B5Pro EB,文鼎UD晶熙黑體 E1B5Pro_E
1490259645108,AR UDJingXiHeiE1B5Pro EB,文鼎UD晶熙黑體E1B5Pro_E
1490259829520,AR UDJingXiHeiE1B5Pro HV,文鼎UD晶熙黑體 E1B5Pro_H
1490259829520,AR UDJingXiHeiE1B5Pro HV,文鼎UD晶熙黑體E1B5Pro_H
1490260086670,AR MingE1B5Std BD,文鼎明體 E1B5Std_B
1490260086670,AR MingE1B5Std BD,文鼎明體E1B5Std_B
1490260383033,AR MingE1B5Std HV,文鼎明體 E1B5Std_H
1490260383033,AR MingE1B5Std HV,文鼎明體E1B5Std_H
1490261118945,AR UDShuYuanHeiE1B5Std MD,文鼎UD書苑黑體 E1B5Std_M
1490261118945,AR UDShuYuanHeiE1B5Std MD,文鼎UD書苑黑體E1B5Std_M
1490261360109,AR HeiE1B5Std HV,文鼎黑體 E1B5Std_H
1490261360109,AR HeiE1B5Std HV,文鼎黑體E1B5Std_H
1490261518556,AR HeiE1B5Pro BD,文鼎黑體 E1B5Pro_B
1490261518556,AR HeiE1B5Pro BD,文鼎黑體E1B5Pro_B
1491545676452,AR MingEXT MD,文鼎明體外字_M
1491546184595,AR KaiEXT MD,文鼎楷體外字_M
1491546725429,AR NewHeiEXT MD,文鼎新黑體外字_M
1491985378067,AR DCXiangJiaoRenB5 BD,文鼎DC香蕉人體_B
1495604158468,AR FangXinShuH7C80DGB HV,文鼎方新书H7C80D_H
1495604659635,AR FangXinShuH7C90DGB HV,文鼎方新书H7C90D_H
1495604837706,AR FangXinShuH7C95DGB HV,文鼎方新书H7C95D_H
1495606913115,AR UDJingXiHeiU30 MD,文鼎UD晶熙黑體U30_M
1495608298015,AR UDJingXiHeiU30 DB,文鼎UD晶熙黑體U30_D
1495608661299,AR UDJingXiHeiU30 BD,文鼎UD晶熙黑體U30_B
1495609088434,AR UDJingXiHeiU30 EB,文鼎UD晶熙黑體U30_E
1495609387409,AR UDJingXiHeiU30 HV,文鼎UD晶熙黑體U30_H
1495609784443,AR UDJingXiHeiE1U30 MD,文鼎UD晶熙黑體E1U30_M
1495609960499,AR UDJingXiHeiE1U30 DB,文鼎UD晶熙黑體E1U30_D
1495610085788,AR UDJingXiHeiE1U30 BD,文鼎UD晶熙黑體E1U30_B
1495610205542,AR UDJingXiHeiE1U30 EB,文鼎UD晶熙黑體E1U30_E
1495610353435,AR UDJingXiHeiE1U30 HV,文鼎UD晶熙黑體E1U30_H
1495610830576,AR DCYKXingKaiProB5 BD,文鼎DC云康行楷Pro_B
1497900000000,AR HeiB5HK BD,文鼎黑體HK_B
1497900000001,AR MingB5HK LT,文鼎明體HK_L
1497900000002,AR YuanB5HK MD,文鼎圓體HK_M
1497900000003,AR LiShuB5HK MD,文鼎隸書HK_M
1497900000004,AR DCQingYuanB5 BD,文鼎DC清圓體_B
1497900000005,AR FangSongB5Std LT,文鼎仿宋B5Std_L
1497900000006,AR FangSongB5Std MD,文鼎仿宋B5Std_M
1497900000007,AR FangSongB5Std BD,文鼎仿宋B5Std_B
1497900000008,AR WeiBeiB5Std BD,文鼎魏碑B5Std_B
1497900000009,AR GuYinB5Std BD,文鼎古印體B5Std_B
1497900000010,AR XinYiB5Std UL,文鼎新藝體B5Std_U
1497900000011,AR ShangHaiSongB5Std LT,文鼎上海宋B5Std_L
1497900000012,AR NewMingB5Std LT,文鼎新明體B5Std_L
1497900000013,AR KaiB5Std LT,文鼎楷體B5Std_L
1497900000014,AR KaiB5Std BD,文鼎楷體B5Std_B
1497900000015,AR YanKaiB5Std HV,文鼎顏楷B5Std_H
1497900000016,AR YanKaiB5Std UL,文鼎顏楷B5Std_U
1497900000017,AR LiShuB5Std DB,文鼎隸書B5Std_D
1497900000018,AR LiShuB5Std BD,文鼎隸書B5Std_B
1497900000019,AR XingKaiB5Std LT,文鼎行楷B5Std_L
1497900000020,AR XingKaiB5Std BD,文鼎行楷B5Std_B
1497900000021,AR DCYKXingKaiProGB BD,文鼎DC云康行楷体Pro_B
1500886655001,AR GuangGaoB5Std MD,文鼎廣告體B5Std_M
1500886655002,AR GuangGaoB5Std EB,文鼎廣告體B5Std_E
1500886655003,AR KongDieYuanB5Std UL,文鼎空疊圓B5Std_U
1500886655004,AR DieYuanB5Std UL,文鼎疊圓體B5Std_U
1500886655005,AR MaoKaiB5Std HV,文鼎毛楷B5Std_H
1500886655006,AR MaoKaiB5Std EB,文鼎毛楷B5Std_E
1500886655007,AR MaoKaiB5Std BD,文鼎毛楷B5Std_B
1500886655008,AR Pop2B5Std BD,文鼎POP-2B5Std_B
1500886655008,AR Pop2B5Std BD,文鼎ＰＯＰ-２B5Std_B
1500886655009,AR HaiBaoB5Std BD,文鼎海報體B5Std_B
1500886655010,AR KanTingLiuB5Std UL,文鼎勘亭流B5Std_U
1500886655011,AR DCHYJianWeiB5 BD,文鼎DC黃陽尖魏體_B
1500886655012,AR FangXinShuH7GBK HV,文鼎方新书H7GBK_H
1500886655014,AR ShuYuanSongH16GB HV,文鼎书苑宋H16_H
1500886655015,AR ShuYuanSongH46GB HV,文鼎书苑宋H46_H
1500886655016,AR ShuYuanSongH62GB HV,文鼎书苑宋H62_H
1503546639001,AR NewHebeSansAr,AR NewHebeSansAr
1503546639002,AR NewHebeSansAr DB,AR NewHebeSansAr DB
1503546639003,AR NewHebeSansAr BD,AR NewHebeSansAr BD
1503546639004,AR NewHebeSansAr EB,AR NewHebeSansAr EB
1503546639005,AR NewHebeSansAr HV,AR NewHebeSansAr HV
1503644840000,AR GansinkaishoJP HV,AR顏眞楷書体_H
1503644840001,AR NagomipopJP BD,ARなごみＰＯＰ体_B
1503644840002,AR Pop4JP BD,ARＰＯＰ４_B
1503644840003,AR Pop5JP HV,ARＰＯＰ５_H
1503644840004,AR WanyinzhuaiJP BD,AR丸印篆_B
1503644840005,AR WanyinzhuaiJP LT,AR丸印篆_L
1503644840006,AR RomanMinchoJP UL,AR浪漫明朝体_U
1503644840007,AR YuyuGothicJP EB,AR悠々ゴシック体_E
1503644840008,AR ShounanShinpitsuJP MD,AR祥南真筆行書体_M
1503644840009,AR SingeiJP UL,AR新藝体_U
1505879562000,AR MingB5SStd MD,文鼎明體簡B5Std_M
1505879562001,AR MingB5SStd BD,文鼎明體簡B5Std_B
1505879562002,AR MingB5SStd HV,文鼎明體簡B5Std_H
1505879562003,AR YuanB5SStd BD,文鼎圓體簡B5Std_B
1505879562004,AR YuanB5SStd HV,文鼎圓體簡B5Std_H
1505879562005,AR HeiB5SStd BD,文鼎黑體簡B5Std_B
1505879562006,AR FangSongB5SStd LT,文鼎仿宋簡B5Std_L
1505879562007,AR KaiB5SStd MD,文鼎楷體簡B5Std_M
1505879562008,AR WeiBeiB5SStd BD,文鼎魏碑簡B5Std_B
1505879562009,AR LiShuB5SStd MD,文鼎隸書簡B5Std_M
1505879562010,AR XingShuB5SStd MD,文鼎行書簡B5Std_M
1505879562011,AR XingKaiB5SStd BD,文鼎行楷簡B5Std_B
1505879562012,AR GothicJP UL,ARゴシック体_U
1505879562013,AR HighcollarPOPJP HV,ARハイカラＰＯＰ体_H
1505879562014,AR PengyokaishoJP MD,ARペン行楷書体_M
1505879562015,AR TSWenQingPenGB MD,文鼎TS文青钢笔体
1505879562016,AR TXCaiYunGB UL,文鼎TX彩云_U
1505879562017,AR TXGuYinGB BD,文鼎TX古印体_B
1508809430000,AR MarkerJP EB,ARマーカー体_E
1508809430001,AR MatchJP BD,ARマッチ体_B
1508809430002,AR RoundGothicJP EB,AR丸ゴシック体_E
1508809430003,AR DCYKPenXingKaiGB BD,文鼎DC云康钢笔行楷_B
1509328690000,AR KaiU30 MD,文鼎楷體U30_M
1511316200000,AR TikukanPopJP BD,AR竹管ＰＯＰ体_B
1511316200001,AR SochoJP MD,AR宋朝体_M
1511316200002,AR MinchoJP UL,AR明朝体_U
1514267520000,AR FangXinShuH7GB MD,文鼎方新书H7_M
1514267520001,AR StdKaiB5Std LT,文鼎標準楷體B5Std_L
1514267520002,AR StdKaiB5Std BD,文鼎標準楷體B5Std_B
1514267520003,AR StdSongB5Std BD,文鼎標準宋體B5Std_B
1514267520004,AR StdSongB5Std EB,文鼎標準宋體B5Std_E
1514267520005,AR StdSongB5Std HV,文鼎標準宋體B5Std_H
1514267520006,AR ShuYuanHeiB5Std BD,文鼎UD書苑黑體B5Std_B
1514267520007,AR GangBiXingKaiB5Std LT,文鼎鋼筆行楷B5Std_L
1514267520008,AR GangBiXingKaiB5Std MD,文鼎鋼筆行楷B5Std_M
1514267520009,AR GangBiXingKaiB5Std BD,文鼎鋼筆行楷B5Std_B
1514267520010,AR Pop4E1B5Std BD,文鼎ＰＯＰ-４E1B5Std_B
1514267520011,AR TianNiuB5Std BD,文鼎甜妞體B5Std_B
1514267520012,AR TianNiuB5Std HV,文鼎甜妞體B5Std_H
1514267520013,AR TianNiuB5Std UL,文鼎甜妞體B5Std_U
1516758730000,AR FangXinShuH7GB DB,文鼎方新书H7_D
1516758730001,AR FangXinShuH7GB BD,文鼎方新书H7_B
1516758730002,AR FangXinShuH7GB EB,文鼎方新书H7_E
1516758730003,AR ShangHaiSongU30 LT,文鼎上海宋U30_L
1516758730004,AR FangXinShuH7B5Std HV,文鼎方新書H7B5Std_H
1516758730005,AR QianZiBiB5Std EB,文鼎簽字筆體B5Std_E
1516758730006,AR GuangGaoB5Std BD,文鼎廣告體B5Std_B
1516758730007,AR QiaoHeiB5Std EB,文鼎俏黑體B5Std_E
1516758730008,AR QiaoHeiB5Std UL,文鼎俏黑體B5Std_U
1516758730009,AR XinChaoPOPB5Std HV,文鼎新潮ＰＯＰ體B5Std_H
1516758730010,AR XuKanTingLiuB5Std HV,文鼎鬚勘亭流B5Std_H
1516758730011,AR BanKePOPB5Std EB,文鼎板刻ＰＯＰ體B5Std_E
1516758730012,AR ShuLinMingB5Std LT,文鼎書林明體B5Std_L
1516758730013,AR ShuLinMingB5Std MD,文鼎書林明體B5Std_M
1516758730014,AR ShuLinMingB5Std BD,文鼎書林明體B5Std_B
1516758730015,AR ShuLinMingB5Std EB,文鼎書林明體B5Std_E
1516758730016,AR StdKaiB5Std MD,文鼎標準楷體B5Std_M
1516758730017,AR StdSongB5Std LT,文鼎標準宋體B5Std_L
1516758730018,AR StdSongB5Std MD,文鼎標準宋體B5Std_M
1516758730019,AR DCYKPenXingKaiB5 BD,文鼎DC云康鋼筆行楷_B
1518502440000,AR WeiBeiU30 BD,文鼎魏碑U30_B
1521599620002,AR ItataiJP BD,AR板体_B
1521599620003,AR ItataiJP EB,AR板体_E
1521599620004,AR ItataiJP HV,AR板体_H
1521599620005,AR HangapopJP EB,AR版画ＰＯＰ体_E
1521599620006,AR HanamojiUmeJP UL,AR花文字梅_U
1521599620007,AR KyokashoJP MD,AR教科書体_M
1521599620008,AR DCHYJianWeiB5Pro BD,文鼎DC黃陽尖魏體Pro_B
1524624380001,AR MoHuan501GB,文鼎魔幻颗粒501
1524624380002,AR MoHuan502GB,文鼎魔幻颗粒502
1524624380003,AR MoHuan501B5,文鼎魔幻顆粒501
1524624380004,AR MoHuan502B5,文鼎魔幻顆粒502
1524624380005,AR DCHYJianWeiGBPro BD,文鼎DC黄阳尖魏体Pro_B
1524624380006,AR FangXinShuH7B5 MD,文鼎方新書H7_M
1524624380007,AR BringPopJP HV,AR照るＰＯＰ体_H
1524624380008,AR SingeiJP EB,AR新藝体_E
1524624380009,AR SingeiJP HV,AR新藝体_H
1527040546351,AR HjgeKanJP HV,AR髭勘亭_H
1527040546352,AR PopJP BD,ARＰＯＰ体_B
1527040546353,AR RoundGothic3DJP MD,AR丸ゴシック体3D_M
1527040546354,AR TXNuanXinB5 LT,文鼎TX 暖心體_L
1527040546354,AR TXNuanXinB5 LT,文鼎TX暖心體_L
1527040546355,AR MoHuan401B5,文鼎魔幻顆粒401
1527040546356,AR MoHuan402B5,文鼎魔幻顆粒402
1527040546357,AR FangXinShuH7C80GB MD,文鼎方新书H7C80_M
1527040546358,AR FangXinShuH7C90GB MD,文鼎方新书H7C90_M
1527040546359,AR FangXinShuH7C95GB MD,文鼎方新书H7C95_M
1527040546363,AR MoHuan401GB,文鼎魔幻颗粒401
1527040546364,AR MoHuan402GB,文鼎魔幻颗粒402
1528956535250,AR GothicJP MD,ARゴシック体_M
1528956535251,AR PengyokaishoJP LT,ARペン行楷書体_L
1528956535252,AR PenkaishoJP LT,ARペン楷書体_L
1528956535253,AR MoHuan701B5,文鼎魔幻顆粒701
1528956535254,AR MoHuan702B5,文鼎魔幻顆粒702
1528956535255,AR DCHYFYuYouRenGB BD,文鼎DC黄阳仿于右任体_B
1528956535256,AR MoHuan701GB,文鼎魔幻颗粒701
1528956535257,AR MoHuan702GB,文鼎魔幻颗粒702
1532419302701,AR UDJingXiHeiE1C80G30 MD,文鼎UD晶熙黑体E1C80G30_M
1532419302702,AR UDJingXiHeiE1C80G30 DB,文鼎UD晶熙黑体E1C80G30_D
1532419302703,AR UDJingXiHeiE1C80G30 BD,文鼎UD晶熙黑体E1C80G30_B
1532419302704,AR UDJingXiHeiE1C80G30 EB,文鼎UD晶熙黑体E1C80G30_E
1532419302705,AR UDJingXiHeiE1C80G30 HV,文鼎UD晶熙黑体E1C80G30_H
1532419302706,AR TXNuanXinB5 DB,文鼎TX 暖心體_D
1532419302706,AR TXNuanXinB5 DB,文鼎TX暖心體_D
1532419302707,Sandoll GothicNeo1 01 Th,Sandoll GothicNeo1 01 Th
1532419302708,Sandoll GothicNeo1 02 Ul,Sandoll GothicNeo1 02 Ul
1532419302709,Sandoll GothicNeo1 03 Lt,Sandoll GothicNeo1 03 Lt
1532419302710,Sandoll GothicNeo1 04 Rg,Sandoll GothicNeo1 04 Rg
1532419302711,Sandoll GothicNeo1 05 Md,Sandoll GothicNeo1 05 Md
1532419302712,Sandoll GothicNeo1 06 Sb,Sandoll GothicNeo1 06 Sb
1532419302713,Sandoll GothicNeo1 07 Bd,Sandoll GothicNeo1 07 Bd
1532419302714,Sandoll GothicNeo1 08 Eb,Sandoll GothicNeo1 08 Eb
1532419302715,Sandoll GothicNeo1 09 Hv,Sandoll GothicNeo1 09 Hv
1532419302716,Sandoll GothicNeo2 01 Ul,Sandoll GothicNeo2 01 Ul
1532419302717,Sandoll GothicNeo2 02 Lt,Sandoll GothicNeo2 02 Lt
1532419302718,Sandoll GothicNeo2 03 Rg,Sandoll GothicNeo2 03 Rg
1532419302719,Sandoll GothicNeo2 04 Md,Sandoll GothicNeo2 04 Md
1532419302720,Sandoll GothicNeo2 05 Sb,Sandoll GothicNeo2 05 Sb
1532419302721,Sandoll GothicNeo2 06 Bd,Sandoll GothicNeo2 06 Bd
1532419302722,Sandoll GothicNeo2 07 Eb,Sandoll GothicNeo2 07 Eb
1532419302723,Sandoll GtNeo3Uni 01 Ul,Sandoll GtNeo3Uni 01 Ul
1532419302724,Sandoll GtNeo3Uni 02 Lt,Sandoll GtNeo3Uni 02 Lt
1532419302725,Sandoll GtNeo3Uni 03 Rg,Sandoll GtNeo3Uni 03 Rg
1532419302726,Sandoll GtNeo3Uni 04 Md,Sandoll GtNeo3Uni 04 Md
1532419302727,Sandoll GtNeo3Uni 05 Sb,Sandoll GtNeo3Uni 05 Sb
1532419302728,Sandoll GtNeo3Uni 06 Bd,Sandoll GtNeo3Uni 06 Bd
1532419302729,Sandoll GtNeo3Uni 07 Eb,Sandoll GtNeo3Uni 07 Eb
1532419302730,Sandoll GothicNeoR 01 Th,Sandoll GothicNeoR 01 Th
1532419302730,Sandoll GothicNeoRound 01 Th,Sandoll GothicNeoRound 01 Th
1532419302731,Sandoll GothicNeoR 02 Ul,Sandoll GothicNeoR 02 Ul
1532419302731,Sandoll GothicNeoRound 02 Ul,Sandoll GothicNeoRound 02 Ul
1532419302732,Sandoll GothicNeoR 03 Lt,Sandoll GothicNeoR 03 Lt
1532419302732,Sandoll GothicNeoRound 03 Lt,Sandoll GothicNeoRound 03 Lt
1532419302733,Sandoll GothicNeoR 04 Rg,Sandoll GothicNeoR 04 Rg
1532419302733,Sandoll GothicNeoRound 04 Rg,Sandoll GothicNeoRound 04 Rg
1532419302734,Sandoll GothicNeoR 05 Md,Sandoll GothicNeoR 05 Md
1532419302734,Sandoll GothicNeoRound 05 Md,Sandoll GothicNeoRound 05 Md
1532419302735,Sandoll GothicNeoR 06 Sb,Sandoll GothicNeoR 06 Sb
1532419302735,Sandoll GothicNeoRound 06 Sb,Sandoll GothicNeoRound 06 Sb
1532419302736,Sandoll GothicNeoR 07 Bd,Sandoll GothicNeoR 07 Bd
1532419302736,Sandoll GothicNeoRound 07 Bd,Sandoll GothicNeoRound 07 Bd
1532419302737,Sandoll GothicNeoR 08 Eb,Sandoll GothicNeoR 08 Eb
1532419302737,Sandoll GothicNeoRound 08 Eb,Sandoll GothicNeoRound 08 Eb
1532419302738,Sandoll GothicNeoR 09 Hv,Sandoll GothicNeoR 09 Hv
1532419302738,Sandoll GothicNeoRound 09 Hv,Sandoll GothicNeoRound 09 Hv
1532419302739,Sandoll GtNeoCond 01 Th,Sandoll GtNeoCond 01 Th
1532419302740,Sandoll GtNeoCond 02 Ul,Sandoll GtNeoCond 02 Ul
1532419302741,Sandoll GtNeoCond 03 Lt,Sandoll GtNeoCond 03 Lt
1532419302742,Sandoll GtNeoCond 04 Rg,Sandoll GtNeoCond 04 Rg
1532419302743,Sandoll GtNeoCond 05 Md,Sandoll GtNeoCond 05 Md
1532419302744,Sandoll GtNeoCond 06 Sb,Sandoll GtNeoCond 06 Sb
1532419302745,Sandoll GtNeoCond 07 Bd,Sandoll GtNeoCond 07 Bd
1532419302746,Sandoll GtNeoCond 08 Eb,Sandoll GtNeoCond 08 Eb
1532419302747,Sandoll GtNeoCond 09 Hv,Sandoll GtNeoCond 09 Hv
1532419302748,Sandoll MyeongjoNeo1 01 Ul,Sandoll MyeongjoNeo1 01 Ul
1532419302749,Sandoll MyeongjoNeo1 02 Lt,Sandoll MyeongjoNeo1 02 Lt
1532419302750,Sandoll MyeongjoNeo1 03 Rg,Sandoll MyeongjoNeo1 03 Rg
1532419302751,Sandoll MyeongjoNeo1 04 Md,Sandoll MyeongjoNeo1 04 Md
1532419302752,Sandoll MyeongjoNeo1 05 Sb,Sandoll MyeongjoNeo1 05 Sb
1532419302753,Sandoll MyeongjoNeo1 06 Bd,Sandoll MyeongjoNeo1 06 Bd
1532419302754,Sandoll MyeongjoNeo1 07 Eb,Sandoll MyeongjoNeo1 07 Eb
1532419302755,AR RoundGothicJP MD,AR丸ゴシック体_M
1532419302756,AR KoinJP BD,AR古印体_B
1532419302757,AR SiroMaruPopJP HV,AR白丸ＰＯＰ体_H
1534816913100,AR UDJingXiHeiE1C90G30 MD,文鼎UD晶熙黑体E1C90G30_M
1534816913101,AR UDJingXiHeiE1C90G30 DB,文鼎UD晶熙黑体E1C90G30_D
1534816913102,AR UDJingXiHeiE1C90G30 BD,文鼎UD晶熙黑体E1C90G30_B
1534816913103,AR UDJingXiHeiE1C90G30 EB,文鼎UD晶熙黑体E1C90G30_E
1534816913104,AR UDJingXiHeiE1C90G30 HV,文鼎UD晶熙黑体E1C90G30_H
1534816913105,AR FangXinShuH7B5 DB,文鼎方新書H7_D
1534816913106,AR FangXinShuH7B5 BD,文鼎方新書H7_B
1534816913107,AR FangXinShuH7B5 EB,文鼎方新書H7_E
1534816913108,AR GyoshoJP BD,AR行書体_B
1534816913109,AR GyoshoJP MD,AR行書体_M
1534816913110,AR GyokaishoJP HV,AR行楷書体_H
1535435920000,AR FangXinShuH7C80B5 MD,文鼎方新書H7C80_M
1535435920001,AR FangXinShuH7C80B5 DB,文鼎方新書H7C80_D
1535435920002,AR FangXinShuH7C80B5 BD,文鼎方新書H7C80_B
1535435920003,AR FangXinShuH7C80B5 EB,文鼎方新書H7C80_E
1535435920005,AR FangXinShuH7C90B5 MD,文鼎方新書H7C90_M
1535435920006,AR FangXinShuH7C90B5 DB,文鼎方新書H7C90_D
1535435920007,AR FangXinShuH7C90B5 BD,文鼎方新書H7C90_B
1535435920008,AR FangXinShuH7C90B5 EB,文鼎方新書H7C90_E
1535435920010,AR FangXinShuH7C95B5 MD,文鼎方新書H7C95_M
1535435920011,AR FangXinShuH7C95B5 DB,文鼎方新書H7C95_D
1535435920012,AR FangXinShuH7C95B5 BD,文鼎方新書H7C95_B
1535435920013,AR FangXinShuH7C95B5 EB,文鼎方新書H7C95_E
1537932281607,AR GyokaishoJP LT,AR行楷書体_L
1537932281608,AR MinchoJP LT,AR明朝体_L
1537932281609,AR KanteiryuJP HV,AR勘亭流_H
1537932281610,AR UDJingXiHeiE1G30 LT,文鼎UD晶熙黑体E1G30_L
1537932281611,AR UDJingXiHeiE1C95G30 MD,文鼎UD晶熙黑体E1C95G30_M
1537932281612,AR UDJingXiHeiE1C95G30 DB,文鼎UD晶熙黑体E1C95G30_D
1537932281613,AR UDJingXiHeiE1C95G30 BD,文鼎UD晶熙黑体E1C95G30_B
1537932281614,AR UDJingXiHeiE1C95G30 EB,文鼎UD晶熙黑体E1C95G30_E
1537932281615,AR UDJingXiHeiE1C95G30 HV,文鼎UD晶熙黑体E1C95G30_H
1540350847001,AR KaishoJP MD,AR楷書体_M
1540350847002,AR KuroMaruPopJP HV,AR黒丸ＰＯＰ体_H
1540350847003,AR ReishoJP MD,AR隷書体_M
1540350847004,AR MobileGothicJP MD,ARモバイルゴシック体_M
1540350847005,AR CrystalRGothicJP MD,AR琉璃丸ゴシック体_M
1540350847006,AR CrystalMinchoJP MD,AR琉璃明朝体_M
1540350847007,AR TXTieTiaoGB BD,文鼎TX铁条体_B
1542765204301,AR UDJingXiHeiE1B5HK LT,文鼎UD晶熙黑體E1HK_L
1542765204302,AR UDJingXiHeiE1GB HR,文鼎UD晶熙黑体E1_HR
1542765204303,AR UDJingXiHeiE1GB TH,文鼎UD晶熙黑体E1_TH
1545792181101,AR JingXiRunHeiB5HK MD,文鼎晶熙潤黑HK_M
1545792181102,AR JingXiRunHeiB5HK DB,文鼎晶熙潤黑HK_D
1545792181103,AR JingXiRunHeiB5HK BD,文鼎晶熙潤黑HK_B
1545792181104,AR JingXiRunHeiB5HK EB,文鼎晶熙潤黑HK_E
1545792181105,AR JingXiRunHeiB5HK HV,文鼎晶熙潤黑HK_H
1545792181106,AR NewHebeSansKm,AR NewHebeSansKm
1545792181107,AR NewHebeSansKm DB,AR NewHebeSansKm DB
1545792181108,AR NewHebeSansKm BD,AR NewHebeSansKm BD
1545792181109,AR NewHebeSansKm EB,AR NewHebeSansKm EB
1545792181110,AR NewHebeSansKm HV,AR NewHebeSansKm HV
1545792181111,AR NewHebeSansLo,AR NewHebeSansLo
1545792181112,AR NewHebeSansLo DB,AR NewHebeSansLo DB
1545792181113,AR NewHebeSansLo BD,AR NewHebeSansLo BD
1545792181114,AR NewHebeSansLo EB,AR NewHebeSansLo EB
1545792181115,AR NewHebeSansLo HV,AR NewHebeSansLo HV
1545792181116,AR UDJingXiHeiE1KR MD,AR UDJingXiHeiE1KR MD
1545792181117,AR UDJingXiHeiE1KR DB,AR UDJingXiHeiE1KR DB
1545792181118,AR UDJingXiHeiE1KR BD,AR UDJingXiHeiE1KR BD
1545792181119,AR UDJingXiHeiE1KR EB,AR UDJingXiHeiE1KR EB
1545792181120,AR UDJingXiHeiE1KR HV,AR UDJingXiHeiE1KR HV
1548212887261,AR UDJingXiHeiE1GB UBL,文鼎UD晶熙黑体E1_UBL
1548212887262,AR FangXinShuH7G30 MD,文鼎方新书H7G30_M
1548212887263,AR FangXinShuH7G30 DB,文鼎方新书H7G30_D
1548212887264,AR FangXinShuH7G30 BD,文鼎方新书H7G30_B
1548212887265,AR FangXinShuH7G30 EB,文鼎方新书H7G30_E
1548212887266,AR FangXinShuH7G30 HV,文鼎方新书H7G30_H
1553656009001,AR FangXinShuH7C80G30 MD,文鼎方新书H7C80G30_M
1553656009002,AR FangXinShuH7C80G30 DB,文鼎方新书H7C80G30_D
1553656009003,AR FangXinShuH7C80G30 BD,文鼎方新书H7C80G30_B
1553656009004,AR FangXinShuH7C80G30 EB,文鼎方新书H7C80G30_E
1553656009005,AR FangXinShuH7C80G30 HV,文鼎方新书H7C80G30_H
1553656009006,AR FangXinShuH7C90G30 MD,文鼎方新书H7C90G30_M
1553656009007,AR FangXinShuH7C90G30 DB,文鼎方新书H7C90G30_D
1553656009008,AR FangXinShuH7C90G30 BD,文鼎方新书H7C90G30_B
1553656009009,AR FangXinShuH7C90G30 EB,文鼎方新书H7C90G30_E
1553656009010,AR FangXinShuH7C90G30 HV,文鼎方新书H7C90G30_H
1553656009011,AR JingXiRunHeiJP MD,AR晶熙潤ゴシック体_M
1553656009012,AR JingXiRunHeiJP DB,AR晶熙潤ゴシック体_D
1553656009013,AR JingXiRunHeiJP BD,AR晶熙潤ゴシック体_B
1553656009014,AR JingXiRunHeiJP EB,AR晶熙潤ゴシック体_E
1553656009015,AR JingXiRunHeiJP HV,AR晶熙潤ゴシック体_H
1553656009016,AR JingXiRunHeiGB MD,文鼎晶熙润黑_M
1553656009017,AR JingXiRunHeiGB DB,文鼎晶熙润黑_D
1553656009018,AR JingXiRunHeiGB BD,文鼎晶熙润黑_B
1553656009019,AR JingXiRunHeiGB EB,文鼎晶熙润黑_E
1553656009020,AR JingXiRunHeiGB HV,文鼎晶熙润黑_H
1553656009021,AR JingXiRunHeiKR MD,AR JingXiRunHeiKR MD
1553656009022,AR JingXiRunHeiKR DB,AR JingXiRunHeiKR DB
1553656009023,AR JingXiRunHeiKR BD,AR JingXiRunHeiKR BD
1553656009024,AR JingXiRunHeiKR EB,AR JingXiRunHeiKR EB
1553656009025,AR JingXiRunHeiKR HV,AR JingXiRunHeiKR HV
1556073229191,AR FangXinShuH7C95G30 MD,文鼎方新书H7C95G30_M
1556073229192,AR FangXinShuH7C95G30 DB,文鼎方新书H7C95G30_D
1556073229193,AR FangXinShuH7C95G30 BD,文鼎方新书H7C95G30_B
1556073229194,AR FangXinShuH7C95G30 EB,文鼎方新书H7C95G30_E
1556073229195,AR FangXinShuH7C95G30 HV,文鼎方新书H7C95G30_H
1556073229196,AR FangXinRunYuanB5 MD,文鼎方新潤圓_M
1556073229197,AR FangXinRunYuanB5 DB,文鼎方新潤圓_D
1556073229198,AR FangXinRunYuanB5 BD,文鼎方新潤圓_B
1556073229199,AR FangXinRunYuanB5 EB,文鼎方新潤圓_E
1556073229200,AR FangXinRunYuanB5 HV,文鼎方新潤圓_H
1556073229201,AR FangXinRunYuanGB MD,文鼎方新润圆_M
1556073229202,AR FangXinRunYuanGB DB,文鼎方新润圆_D
1556073229203,AR FangXinRunYuanGB BD,文鼎方新润圆_B
1556073229204,AR FangXinRunYuanGB EB,文鼎方新润圆_E
1556073229205,AR FangXinRunYuanGB HV,文鼎方新润圆_H
1556073229206,AR UDJingXiHeiE1B5HK HR,文鼎UD晶熙黑體E1HK_HR
1558582073101,AR QianZiBiG30 DB,文鼎签字笔体G30_D
1558582073102,AR QianZiBiB5 DB,文鼎簽字筆體_D
1558582073103,AR UDJingXiHeiE1GB EH,文鼎UD晶熙黑体E1_EH
1558582073104,AR UDJingXiHeiE1GB DBL,文鼎UD晶熙黑体E1_DBL
1558582073105,AR UDJingXiHeiE1GB BL,文鼎UD晶熙黑体E1_BL
1558582073107,AR UDJingXiHeiE1B5HK TH,文鼎UD晶熙黑體E1HK_TH
1558582073109,AR UDJingXiHeiMicroG30 MD,文鼎UD晶熙黑体MicroG30_M
1558582073110,AR UDJingXiHeiMicroG30 DB,文鼎UD晶熙黑体MicroG30_D
1558582073111,AR UDJingXiHeiMicroG30 BD,文鼎UD晶熙黑体MicroG30_B
1558582073112,AR DCHYNanShenGB,文鼎DC黄阳男神体
1561514588601,AR QiaoHeiGB EB,文鼎俏黑体_E
1561514588602,AR ShuYuanHeiGB MD,文鼎书苑黑体_M
1561514588603,AR ShuYuanHeiGB BD,文鼎书苑黑体_B
1563865927771,RA HanaRenge Std Lt,RA花蓮華Std L
1563865927772,RA HanaRenge Std Md,RA花蓮華Std M
1563865927773,RA HanaRenge Std Bd,RA花蓮華Std B
1563865927774,RA HanaKocho Std Lt,RA花胡蝶Std L
1563865927775,RA HanaKocho Std Md,RA花胡蝶Std M
1563865927776,RA HanaKocho Std Bd,RA花胡蝶Std B
1563865927777,RA HanaBotan Std DB,RA花牡丹Std DB
1566437222931,AR UDJingXiHeiMicroU30 MD,文鼎UD晶熙黑體MicroU30_M
1566437222932,AR UDJingXiHeiMicroU30 DB,文鼎UD晶熙黑體MicroU30_D
1566437222933,AR UDJingXiHeiMicroU30 BD,文鼎UD晶熙黑體MicroU30_B
1566437222934,AR DCQingYuanGB MD,文鼎DC清圆体_M
1566437222935,AR MochiC90GB BD,文鼎白玉书体C90_B
1569316476431,AR QiaoHeiGB BD,文鼎俏黑体_B
1569316476432,AR QiaoHeiGB HV,文鼎俏黑体_H
1571798136401,AR MochiC90GB LT,文鼎白玉书体C90_L
1571798136402,AR ShuYuanSongH32G30 HV,文鼎书苑宋H32G30_H
1571798136403,AR ShuYuanSongH46G30 HV,文鼎书苑宋H46G30_H
1571798136404,AR ShuYuanSongH62G30 HV,文鼎书苑宋H62G30_H
1571798136405,Gelo Light,Gelo Light
1571798136406,Gelo,Gelo
1571798136407,Gelo Bold,Gelo Bold
1571798136408,Gelo XBold,Gelo XBold
1571798136409,Lemance Light,Lemance Light
1571798136410,Lemance Light Italic,Lemance Light Italic
1571798136411,Lemance,Lemance
1571798136412,Lemance Italic,Lemance Italic
1571798136413,Lemance Bold,Lemance Bold
1571798136414,Lemance Bold Italic,Lemance Bold Italic
1571798136415,Calmetta Light,Calmetta Light
1571798136416,Calmetta,Calmetta
1571798136417,Calmetta Bold,Calmetta Bold
1571798136418,Calmetta Xbold,Calmetta Xbold
1571798136419,Lexia Mono Light,Lexia Mono Light
1571798136420,Lexia Mono Light Italic,Lexia Mono Light Italic
1571798136421,Lexia Mono,Lexia Mono
1571798136422,Lexia Mono Italic,Lexia Mono Italic
1571798136423,Lexia Mono Bold,Lexia Mono Bold
1571798136424,Lexia Mono Bold Italic,Lexia Mono Bold Italic
1571798136425,Mokoko Thin,Mokoko Thin
1571798136426,Mokoko Thin Italic,Mokoko Thin Italic
1571798136427,Mokoko Light,Mokoko Light
1571798136428,Mokoko Light Italic,Mokoko Light Italic
1571798136429,Mokoko Regular,Mokoko Regular
1571798136430,Mokoko Italic,Mokoko Italic
1571798136431,Mokoko Medium,Mokoko Medium
1571798136432,Mokoko Medium Italic,Mokoko Medium Italic
1571798136433,Mokoko Bold,Mokoko Bold
1571798136434,Mokoko Bold Italic,Mokoko Bold Italic
1571798136435,Mokoko Extra Bold,Mokoko Extra Bold
1571798136436,Mokoko Extra Bold Italic,Mokoko Extra Bold Italic
1571798136437,Mokoko Black,Mokoko Black
1571798136438,Mokoko Black Italic,Mokoko Black Italic
1571798136439,Oscine Light,Oscine Light
1571798136440,Oscine Light Italic,Oscine Light Italic
1571798136441,Oscine Regular,Oscine Regular
1571798136442,Oscine Italic,Oscine Italic
1571798136443,Oscine Bold,Oscine Bold
1571798136444,Oscine Bold Italic,Oscine Bold Italic
1571798136445,Oscine XBold,Oscine XBold
1571798136446,Oscine XBold Italic,Oscine XBold Italic
1571798136447,Volina,Volina
1571798136448,Venn Light,Venn Light
1571798136449,Venn,Venn
1571798136450,Venn Medium,Venn Medium
1571798136451,Venn Bold,Venn Bold
1571798136452,Venn XBold,Venn XBold
1571798136453,Venn Cd Light,Venn Cd Light
1571798136454,Venn Cd,Venn Cd
1571798136455,Venn Cd Medium,Venn Cd Medium
1571798136456,Venn Cd Bold,Venn Cd Bold
1571798136457,Venn Cd XBold,Venn Cd XBold
1571798136458,Venn Ex Light,Venn Ex Light
1571798136459,Venn Ex,Venn Ex
1571798136460,Venn Ex Medium,Venn Ex Medium
1571798136461,Venn Ex Bold,Venn Ex Bold
1571798136462,Venn Ex XBold,Venn Ex XBold
1571798136463,Venn SemiCd Light,Venn SemiCd Light
1571798136464,Venn SemiCd,Venn SemiCd
1571798136465,Venn SemiCd Medium,Venn SemiCd Medium
1571798136466,Venn SemiCd Bold,Venn SemiCd Bold
1571798136467,Venn SemiCd XBold,Venn SemiCd XBold
1571798136468,Venn SemiEx Light,Venn SemiEx Light
1571798136469,Venn SemiEx,Venn SemiEx
1571798136470,Venn SemiEx Medium,Venn SemiEx Medium
1571798136471,Venn SemiEx Bold,Venn SemiEx Bold
1571798136472,Venn SemiEx XBold,Venn SemiEx XBold
1571798136473,Venn VF,Venn VF
1574130234881,AR ShuYuanSongH16G30 HV,文鼎书苑宋H16G30_H
1574130234882,AR UDJingXiHeiE1B5HK UBL,文鼎UD晶熙黑體E1HK_UBL
1577152485651,AR DCHXYPenLiKaiGB,文鼎DC侯信永钢笔隶楷
1577152485652,AR RomanMingGB UBL,文鼎浪漫明朝体_UBL
1577152485653,AR UDJingXiHeiMicroC80B5HK MD,文鼎UD晶熙黑體MicroC80HK_M
1577152485654,AR UDJingXiHeiMicroC80B5HK DB,文鼎UD晶熙黑體MicroC80HK_D
1577152485655,AR UDJingXiHeiMicroC80B5HK BD,文鼎UD晶熙黑體MicroC80HK_B
1577152485656,AR YuanMicroB5 LT,文鼎圓體Micro_L
1577152485657,AR YuanMicroB5 MD,文鼎圓體Micro_M
1577152485658,AR YuanMicroB5 BD,文鼎圓體Micro_B
1581924680001,Fedra Sans Std Light,Fedra Sans Std Light
1581924680002,Fedra Sans Std Light Italic,Fedra Sans Std Light Italic
1581924680003,Fedra Sans Std Medium,Fedra Sans Std Medium
1581924680004,Fedra Sans Std Medium Italic,Fedra Sans Std Medium Italic
1581924680005,Fedra Sans Std Bold,Fedra Sans Std Bold
1581924680006,Fedra Sans Std Bold Italic,Fedra Sans Std Bold Italic
1581924680007,Fedra Serif A Std Demi,Fedra Serif A Std Demi
1581924680008,Fedra Serif A Std Demi Italic,Fedra Serif A Std Demi Italic
1581924680009,Fedra Serif A Std Medium,Fedra Serif A Std Medium
1581924680010,Fedra Serif A Std Medium Italic,Fedra Serif A Std Medium Italic
1581924680011,Fedra Serif A Std Bold,Fedra Serif A Std Bold
1581924680012,Fedra Serif A Std Bold Italic,Fedra Serif A Std Bold Italic
1581924680013,Fedra Serif B Std Demi,Fedra Serif B Std Demi
1581924680014,Fedra Serif B Std Demi Italic,Fedra Serif B Std Demi Italic
1581924680015,Fedra Serif B Std Medium,Fedra Serif B Std Medium
1581924680016,Fedra Serif B Std Medium Italic,Fedra Serif B Std Medium Italic
1581924680017,Fedra Serif B Std Bold,Fedra Serif B Std Bold
1581924680018,Fedra Serif B Std Bold Italic,Fedra Serif B Std Bold Italic
1581924680019,FeSa Cond Std Light,FeSa Cond Std Light
1581924680020,FeSa Cond Std Light Ita,FeSa Cond Std Light Ita
1581924680021,FeSa Cond Std Medium,FeSa Cond Std Medium
1581924680022,FeSa Cond Std Medium Ita,FeSa Cond Std Medium Ita
1581924680023,FeSa Cond Std Bold,FeSa Cond Std Bold
1581924680024,FeSa Cond Std Bold Ita,FeSa Cond Std Bold Ita
1581924680025,Fedra Mono Std Light,Fedra Mono Std Light
1581924680026,Fedra Mono Std Light Italic,Fedra Mono Std Light Italic
1581924680027,Fedra Mono Std Medium,Fedra Mono Std Medium
1581924680028,Fedra Mono Std Medium Italic,Fedra Mono Std Medium Italic
1581924680029,Fedra Mono Std Bold,Fedra Mono Std Bold
1581924680030,Fedra Mono Std Bold Italic,Fedra Mono Std Bold Italic
1581924680031,FedraSansDisStd Hair,FedraSansDisStd Hair
1581924680032,FedraSansDisStd HairCond,FedraSansDisStd HairCond
1581924680033,FedraSansDisStd HairCompr,FedraSansDisStd HairCompr
1581924680034,FedraSansDisStd Thin,FedraSansDisStd Thin
1581924680035,FedraSansDisStd ThinCond,FedraSansDisStd ThinCond
1581924680036,FedraSansDisStd ThinCompr,FedraSansDisStd ThinCompr
1581924680037,FedraSansDisStd Heavy,FedraSansDisStd Heavy
1581924680038,FedraSansDisStd HeavyCond,FedraSansDisStd HeavyCond
1581924680039,FedraSansDisStd Black,FedraSansDisStd Black
1581924680040,FedraSansDisStd BlackCond,FedraSansDisStd BlackCond
1581924680041,Fedra Serif Display Regular,Fedra Serif Display Regular
1581924680042,Fedra Serif Display Medium,Fedra Serif Display Medium
1581924680043,Fedra Serif Display SemiBold,Fedra Serif Display SemiBold
1581924680044,Fedra Serif Display Bold,Fedra Serif Display Bold
1581924680045,Fedra Serif Display Condensed Regular,Fedra Serif Display Condensed Regular
1581924680046,Fedra Serif Display Condensed Medium,Fedra Serif Display Condensed Medium
1581924680047,Fedra Serif Display Cond SemiBold,Fedra Serif Display Cond SemiBold
1581924680048,Fedra Serif Display Cond Bold,Fedra Serif Display Cond Bold
1581924680049,Greta Sans Std ExLt,Greta Sans Std ExLt
1581924680050,Greta Sans Std ExLt Ita,Greta Sans Std ExLt Ita
1581924680051,Greta Sans Std Reg,Greta Sans Std Reg
1581924680052,Greta Sans Std Reg Ita,Greta Sans Std Reg Ita
1581924680053,Greta Sans Std Bld,Greta Sans Std Bld
1581924680054,Greta Sans Std Bld Ita,Greta Sans Std Bld Ita
1581924680055,Greta Sans Std Blk,Greta Sans Std Blk
1581924680056,Greta Sans Std Blk Ita,Greta Sans Std Blk Ita
1581924680057,Greta Sans Cnd Std ExLt,Greta Sans Cnd Std ExLt
1581924680058,Greta Sans Cnd Std ExLt Ita,Greta Sans Cnd Std ExLt Ita
1581924680059,Greta Sans Cnd Std Reg,Greta Sans Cnd Std Reg
1581924680060,Greta Sans Cnd Std Reg Ita,Greta Sans Cnd Std Reg Ita
1581924680061,Greta Sans Cnd Std Bld,Greta Sans Cnd Std Bld
1581924680062,Greta Sans Cnd Std Bld Ita,Greta Sans Cnd Std Bld Ita
1581924680063,Greta Sans Cnd Std Blk,Greta Sans Cnd Std Blk
1581924680064,Greta Sans Cnd Std Blk Ita,Greta Sans Cnd Std Blk Ita
1581924680065,Greta Grande Std Light,Greta Grande Std Light
1581924680066,Greta Grande Std Light Italic,Greta Grande Std Light Italic
1581924680067,Greta Grande Std Regular,Greta Grande Std Regular
1581924680068,Greta Grande Std Regular Italic,Greta Grande Std Regular Italic
1581924680069,Greta Grande Std Medium,Greta Grande Std Medium
1581924680070,Greta Grande Std Medium Italic,Greta Grande Std Medium Italic
1581924680071,Greta Grande Std Bold,Greta Grande Std Bold
1581924680072,Greta Grande Std Bold Italic,Greta Grande Std Bold Italic
1581924680073,Greta Display Std Light,Greta Display Std Light
1581924680074,Greta Display Std Light Italic,Greta Display Std Light Italic
1581924680075,Greta Display Std Regular,Greta Display Std Regular
1581924680076,Greta Display Std Regular Ita,Greta Display Std Regular Ita
1581924680077,Greta Display Std Medium,Greta Display Std Medium
1581924680078,Greta Display Std Medium Italic,Greta Display Std Medium Italic
1581924680079,Greta Display Std Bold,Greta Display Std Bold
1581924680080,Greta Display Std Bold Italic,Greta Display Std Bold Italic
1581924680081,Greta Gra Nar Pro Lig,Greta Gra Nar Pro Lig
1581924680082,Greta Gra Nar Pro Lig Ita,Greta Gra Nar Pro Lig Ita
1581924680083,Greta Gra Nar Pro Reg,Greta Gra Nar Pro Reg
1581924680084,Greta Gra Nar Pro Reg Ita,Greta Gra Nar Pro Reg Ita
1581924680085,Greta Gra Nar Pro Med,Greta Gra Nar Pro Med
1581924680086,Greta Gra Nar Pro Med Ita,Greta Gra Nar Pro Med Ita
1581924680087,Greta Gra Nar Pro Bol,Greta Gra Nar Pro Bol
1581924680088,Greta Gra Nar Pro Bol Ita,Greta Gra Nar Pro Bol Ita
1581924680089,Greta Dis Nar Std Lig,Greta Dis Nar Std Lig
1581924680090,Greta Dis Nar Std Lig Ita,Greta Dis Nar Std Lig Ita
1581924680091,Greta Dis Nar Std Reg,Greta Dis Nar Std Reg
1581924680092,Greta Dis Nar Std Reg Ita,Greta Dis Nar Std Reg Ita
1581924680093,Greta Dis Nar Std Med,Greta Dis Nar Std Med
1581924680094,Greta Dis Nar Std Med Ita,Greta Dis Nar Std Med Ita
1581924680095,Greta Dis Nar Std Bol,Greta Dis Nar Std Bol
1581924680096,Greta Dis Nar Std Bol Ita,Greta Dis Nar Std Bol Ita
1581924680097,Greta Txt Nar Std Lig,Greta Txt Nar Std Lig
1581924680098,Greta Txt Nar Std Lig Plus,Greta Txt Nar Std Lig Plus
1581924680099,Greta Txt Nar Std Lig Min,Greta Txt Nar Std Lig Min
1581924680100,Greta Txt Nar Std Lig Ita,Greta Txt Nar Std Lig Ita
1581924680101,Greta Txt Nar Std Lig Ita Plus,Greta Txt Nar Std Lig Ita Plus
1581924680102,Greta Txt Nar Std Lig Ita Min,Greta Txt Nar Std Lig Ita Min
1581924680103,Greta Txt Nar Std Reg,Greta Txt Nar Std Reg
1581924680104,Greta Txt Nar Std Reg Plus,Greta Txt Nar Std Reg Plus
1581924680105,Greta Txt Nar Std Reg Min,Greta Txt Nar Std Reg Min
1581924680106,Greta Txt Nar Std Reg Ita,Greta Txt Nar Std Reg Ita
1581924680107,Greta Txt Nar Std Reg Ita Plus,Greta Txt Nar Std Reg Ita Plus
1581924680108,Greta Txt Nar Std Reg Ita Min,Greta Txt Nar Std Reg Ita Min
1581924680109,Greta Txt Nar Std Med,Greta Txt Nar Std Med
1581924680110,Greta Txt Nar Std Med Plus,Greta Txt Nar Std Med Plus
1581924680111,Greta Txt Nar Std Med Min,Greta Txt Nar Std Med Min
1581924680112,Greta Txt Nar Std Med Ita,Greta Txt Nar Std Med Ita
1581924680113,Greta Txt Nar Std Med Ita Plus,Greta Txt Nar Std Med Ita Plus
1581924680114,Greta Txt Nar Std Med Ita Min,Greta Txt Nar Std Med Ita Min
1581924680115,Greta Txt Nar Std Bol,Greta Txt Nar Std Bol
1581924680116,Greta Txt Nar Std Bol Plus,Greta Txt Nar Std Bol Plus
1581924680117,Greta Txt Nar Std Bol Min,Greta Txt Nar Std Bol Min
1581924680118,Greta Txt Nar Std Bol Ita,Greta Txt Nar Std Bol Ita
1581924680119,Greta Txt Nar Std Bol Ita Plus,Greta Txt Nar Std Bol Ita Plus
1581924680120,Greta Txt Nar Std Bol Ita Min,Greta Txt Nar Std Bol Ita Min
1581924680121,Greta Symbol Std Hairline,Greta Symbol Std Hairline
1581924680122,Greta Symbol Std Thin,Greta Symbol Std Thin
1581924680123,Greta Symbol Std ExtraLight,Greta Symbol Std ExtraLight
1581924680124,Greta Symbol Std Light,Greta Symbol Std Light
1581924680125,Greta Symbol Std,Greta Symbol Std
1581924680126,Greta Symbol Std Medium,Greta Symbol Std Medium
1581924680127,Greta Symbol Std SemiBold,Greta Symbol Std SemiBold
1581924680128,Greta Symbol Std Bold,Greta Symbol Std Bold
1581924680129,Greta Symbol Std Heavy,Greta Symbol Std Heavy
1581924680130,Greta Symbol Std Black,Greta Symbol Std Black
1581924680131,Irma Text Std Thin,Irma Text Std Thin
1581924680132,Irma Text Std Thin Italic,Irma Text Std Thin Italic
1581924680133,Irma Text Std ExtraLight,Irma Text Std ExtraLight
1581924680134,Irma Text Std ExtraLight Italic,Irma Text Std ExtraLight Italic
1581924680135,Irma Text Std Light,Irma Text Std Light
1581924680136,Irma Text Std Light Italic,Irma Text Std Light Italic
1581924680137,Irma Text Std Regular,Irma Text Std Regular
1581924680138,Irma Text Std Regular Italic,Irma Text Std Regular Italic
1581924680139,Irma Text Std Medium,Irma Text Std Medium
1581924680140,Irma Text Std Medium Italic,Irma Text Std Medium Italic
1581924680141,Irma Text Std SemiBold,Irma Text Std SemiBold
1581924680142,Irma Text Std SemiBold Italic,Irma Text Std SemiBold Italic
1581924680143,Irma Text Std Bold,Irma Text Std Bold
1581924680144,Irma Text Std Bold Italic,Irma Text Std Bold Italic
1581924680145,Irma Text Std Heavy,Irma Text Std Heavy
1581924680146,Irma Text Std Heavy Italic,Irma Text Std Heavy Italic
1581924680147,Irma Text Std Black,Irma Text Std Black
1581924680148,Irma Text Std Black Italic,Irma Text Std Black Italic
1581924680149,Irma Text Round Std Thin,Irma Text Round Std Thin
1581924680150,Irma Text Round Std Thin Italic,Irma Text Round Std Thin Italic
1581924680151,Irma Text Round Std ExtraLight,Irma Text Round Std ExtraLight
1581924680152,Irma Text Round Std ExtraLight Italic,Irma Text Round Std ExtraLight Italic
1581924680153,Irma Text Round Std Light,Irma Text Round Std Light
1581924680154,Irma Text Round Std Light Italic,Irma Text Round Std Light Italic
1581924680155,Irma Text Round Std Regular,Irma Text Round Std Regular
1581924680156,Irma Text Round Std Regular Italic,Irma Text Round Std Regular Italic
1581924680157,Irma Text Round Std Medium,Irma Text Round Std Medium
1581924680158,Irma Text Round Std Medium Italic,Irma Text Round Std Medium Italic
1581924680159,Irma Text Round Std SemiBold,Irma Text Round Std SemiBold
1581924680160,Irma Text Round Std SemiBold Italic,Irma Text Round Std SemiBold Italic
1581924680161,Irma Text Round Std Bold,Irma Text Round Std Bold
1581924680162,Irma Text Round Std Bold Italic,Irma Text Round Std Bold Italic
1581924680163,Irma Text Round Std Heavy,Irma Text Round Std Heavy
1581924680164,Irma Text Round Std Heavy Italic,Irma Text Round Std Heavy Italic
1581924680165,Irma Text Round Std Black,Irma Text Round Std Black
1581924680166,Irma Text Round Std Black Italic,Irma Text Round Std Black Italic
1581924680167,Jigsaw Light,Jigsaw Light
1581924680168,Jigsaw Light Italic,Jigsaw Light Italic
1581924680169,Jigsaw Light Cursive,Jigsaw Light Cursive
1581924680170,Jigsaw Regular,Jigsaw Regular
1581924680171,Jigsaw Regular Italic,Jigsaw Regular Italic
1581924680172,Jigsaw Regular Cursive,Jigsaw Regular Cursive
1581924680173,Jigsaw Medium,Jigsaw Medium
1581924680174,Jigsaw Medium Italic,Jigsaw Medium Italic
1581924680175,Jigsaw Medium Cursive,Jigsaw Medium Cursive
1581924680176,Jigsaw Bold,Jigsaw Bold
1581924680177,Jigsaw Bold Italic,Jigsaw Bold Italic
1581924680178,Jigsaw Bold Cursive,Jigsaw Bold Cursive
1581924680179,Jigsaw Stencil Light,Jigsaw Stencil Light
1581924680180,Jigsaw Stencil Light Ita,Jigsaw Stencil Light Ita
1581924680181,Jigsaw Stencil Light Curs,Jigsaw Stencil Light Curs
1581924680182,Jigsaw Stencil Reg,Jigsaw Stencil Reg
1581924680183,Jigsaw Stencil Reg Ita,Jigsaw Stencil Reg Ita
1581924680184,Jigsaw Stencil Reg Curs,Jigsaw Stencil Reg Curs
1581924680185,Jigsaw Stencil Med,Jigsaw Stencil Med
1581924680186,Jigsaw Stencil Med Ita,Jigsaw Stencil Med Ita
1581924680187,Jigsaw Stencil Med Curs,Jigsaw Stencil Med Curs
1581924680188,Jigsaw Stencil Bold,Jigsaw Stencil Bold
1581924680189,Jigsaw Stencil Bold Italic,Jigsaw Stencil Bold Italic
1581924680190,Jigsaw Stencil Bold Curs,Jigsaw Stencil Bold Curs
1581924680191,Greta Text Std Light,Greta Text Std Light
1581924680192,Greta Text Std Light Italic,Greta Text Std Light Italic
1581924680193,Greta Text Std Regular,Greta Text Std Regular
1581924680194,Greta Text Std Italic,Greta Text Std Italic
1581924680195,Greta Text Std Medium,Greta Text Std Medium
1581924680196,Greta Text Std Medium Italic,Greta Text Std Medium Italic
1581924680197,Greta Text Std Bold,Greta Text Std Bold
1581924680198,Greta Text Std Bold Italic,Greta Text Std Bold Italic
1581924680199,Ballare Regular,Ballare Regular
1585100289201,AR VF JXHeiB5 Wr,文鼎VF晶熙黑體_Wr
1585100289201,AR VF JXHeiB5 WrW,文鼎VF晶熙黑體_WrW
1585100289202,AR VF JXHeiB5 Wl,文鼎VF晶熙黑體_Wl
1585100289203,AR VF JXHeiG30 WrW,文鼎VF晶熙黑体_WrW
1585100289204,AR VF JXHeiG30 Wr,文鼎VF晶熙黑体_Wr
1585100289205,AR VF JXHeiGB Wl,文鼎VF 晶熙黑体_Wl
1585100289206,AR VF JXHeiGB Wu,文鼎VF晶熙黑体_Wu
1585100289207,AR VF FXShuB5 WrW,文鼎VF方新書_WrW
1585100289208,AR VF FXShuG30 WrW,文鼎VF方新书_WrW
1585100289209,AR UDJingXiHeiPingG30 LT,文鼎UD晶熙黑体PingG30_L
1585100289210,AR UDJingXiHeiPingG30 MD,文鼎UD晶熙黑体PingG30_M
1585100289211,AR UDJingXiHeiPingG30 DB,文鼎UD晶熙黑体PingG30_D
1585100289212,AR UDJingXiHeiPingG30 EB,文鼎UD晶熙黑体PingG30_E
1585100289213,AR MochiC90B5 BD,文鼎白玉書體C90_B
1587365477101,AR UDJingXiHeiPingGB HR,文鼎UD晶熙黑体Ping_HR
1587365477102,AR UDJingXiHeiPingGB TH,文鼎UD晶熙黑体Ping_TH
1587365477103,AR UDJingXiHeiE1B5HK EH,文鼎UD晶熙黑體E1HK_EH
1587365477104,AR UDJingXiHeiE1B5HK DBL,文鼎UD晶熙黑體E1HK_DBL
1587365477105,AR UDJingXiHeiE1B5HK BL,文鼎UD晶熙黑體E1HK_BL
1589528963301,AR UDJingXiHeiE1GB LT,文鼎UD晶熙黑体E1_L
1589528963302,AR UDJingXiHeiE1JP3 MD,AR UDJingXiHeiE1JP3 MD
1589528963302,AR UDJingXiHeiE1JP3 MD,ARUD晶熙ゴシック体E1JP3_M
1589528963303,AR UDJingXiHeiE1JP3 DB,AR UDJingXiHeiE1JP3 DB
1589528963303,AR UDJingXiHeiE1JP3 DB,ARUD晶熙ゴシック体E1JP3_D
1589528963304,AR UDJingXiHeiE1JP3 BD,AR UDJingXiHeiE1JP3 BD
1589528963304,AR UDJingXiHeiE1JP3 BD,ARUD晶熙ゴシック体E1JP3_B
1589528963305,AR UDJingXiHeiE1JP3 EB,AR UDJingXiHeiE1JP3 EB
1589528963305,AR UDJingXiHeiE1JP3 EB,ARUD晶熙ゴシック体E1JP3_E
1589528963306,AR UDJingXiHeiE1JP3 HV,AR UDJingXiHeiE1JP3 HV
1589528963306,AR UDJingXiHeiE1JP3 HV,ARUD晶熙ゴシック体E1JP3_H
1589528963307,AR UDJingXiHeiPingGB EH,文鼎UD晶熙黑体Ping_EH
1589528963308,AR UDJingXiHeiPingGB DBL,文鼎UD晶熙黑体Ping_DBL
1589528963309,AR UDJingXiHeiPingJP MD,ARUD晶熙ゴシック体Ping_M
1589528963310,AR UDJingXiHeiPingJP DB,ARUD晶熙ゴシック体Ping_D
1589528963311,AR UDJingXiHeiPingJP EB,ARUD晶熙ゴシック体Ping_E
1589528963312,AR UDJingXiHeiPingKR MD,AR UDJingXiHeiPingKR MD
1589528963313,AR UDJingXiHeiPingKR DB,AR UDJingXiHeiPingKR DB
1589528963314,AR UDJingXiHeiPingKR EB,AR UDJingXiHeiPingKR EB
1590474015672,AR ShuYuanSongH32GB MD,文鼎书苑宋H32_M
1592634286701,AR DCQingYuanGB BD,文鼎DC清圆体_B
1592634286702,AR DCCaiShenXuanXingShuGB,文鼎DC蔡燊轩行书体
1592634286703,AR YuanMicroB5HK LT,文鼎圓體MicroHK_L
1592634286704,AR YuanMicroB5HK MD,文鼎圓體MicroHK_M
1592634286705,AR YuanB5HK LT,文鼎圓體HK_L
1595295492041,AR TXNuanXinGB LT,文鼎TX暖心体_L
1595295492042,AR TXNuanXinGB DB,文鼎TX暖心体_D
1595295492043,AR YuanMicroGB LT,文鼎圆体Micro_L
1595295492044,AR YuanMicroGB MD,文鼎圆体Micro_M
1595295492045,AR YuanMicroGB BD,文鼎圆体Micro_B
1598321927189,AR SYSongB5 Text H32 HV,文鼎書苑宋TextH32_H
1598325418781,AR SYSongGB Display H16 MD,文鼎书苑宋DisplayH16_M
1598325418788,AR SYSongGB Display H32 MD,文鼎书苑宋DisplayH32_M
1598325418794,AR SYSongGB Display H46 MD,文鼎书苑宋DisplayH46_M
1598325418800,AR SYSongGB Display H62 MD,文鼎书苑宋DisplayH62_M
1598325418816,AR SYSongGB Text H32 MD,文鼎书苑宋TextH32_M
1598325418839,AR SYSongGB Text H46 MD,文鼎书苑宋TextH46_M
1600737104118,AR KaiB5HK MD,文鼎楷體HK_M
1600739216442,AR UDJingXiHeiMicroC80G30 BD,文鼎UD晶熙黑体MicroC80G30_B
1600739216455,AR UDJingXiHeiMicroC80G30 DB,文鼎UD晶熙黑体MicroC80G30_D
1600739216465,AR UDJingXiHeiMicroC80G30 MD,文鼎UD晶熙黑体MicroC80G30_M
1602817155264,AR SYSongGB Display H16 HV,文鼎书苑宋DisplayH16_H
1602817155274,AR SYSongGB Display H32 HV,文鼎书苑宋DisplayH32_H
1602817155281,AR SYSongGB Display H46 HV,文鼎书苑宋DisplayH46_H
1602817155286,AR SYSongGB Display H62 HV,文鼎书苑宋DisplayH62_H
1602817155295,AR SYSongGB Text H32 HV,文鼎书苑宋TextH32_H
1602817155307,AR SYSongGB Text H46 HV,文鼎书苑宋TextH46_H
1603157544801,AR TianNiuB5 DB,文鼎甜妞體_D
1603157544811,AR TianNiuB5 EB,文鼎甜妞體_E
1603157544821,AR TianNiuB5 LT,文鼎甜妞體_L
1603157544831,AR TianNiuB5 MD,文鼎甜妞體_M
1603157544864,AR VF TianNiuB5 Wr,文鼎VF甜妞體_Wr
1606179671200,AR MochiC90B5 LT,文鼎白玉書體C90_L
1606179671364,AR SYSongGB Text H32 BD,文鼎书苑宋TextH32_B
1606179671376,AR SYSongGB Text H32 DB,文鼎书苑宋TextH32_D
1606179671390,AR SYSongGB Text H32 EB,文鼎书苑宋TextH32_E
1606179671399,AR SYSongGB Text H46 BD,文鼎书苑宋TextH46_B
1606179671407,AR SYSongGB Text H46 DB,文鼎书苑宋TextH46_D
1606179671416,AR SYSongGB Text H46 EB,文鼎书苑宋TextH46_E
1608623983414,AR SYSongB5 Text H46 HV,文鼎書苑宋TextH46_H
1616465965027,AR MochiB5 H16C90 DB,文鼎白玉書體H16C90_D
1616480902471,AR MochiB5 H16C90 MD,文鼎白玉書體H16C90_M
1616480902483,AR SYSongB5 Display H16 HV,文鼎書苑宋DisplayH16_H
1616480902497,AR SYSongB5 Display H32 HV,文鼎書苑宋DisplayH32_H
1616480902506,AR SYSongB5 Display H46 HV,文鼎書苑宋DisplayH46_H
1616480902514,AR SYSongB5 Display H62 HV,文鼎書苑宋DisplayH62_H
1616484538963,AR SYSongGB Display H16 BD,文鼎书苑宋DisplayH16_B
1616484538968,AR SYSongGB Display H16 DB,文鼎书苑宋DisplayH16_D
1616484538974,AR SYSongGB Display H16 EB,文鼎书苑宋DisplayH16_E
1616484538980,AR SYSongGB Display H32 BD,文鼎书苑宋DisplayH32_B
1616484538985,AR SYSongGB Display H32 DB,文鼎书苑宋DisplayH32_D
1616484538990,AR SYSongGB Display H32 EB,文鼎书苑宋DisplayH32_E
1616484538995,AR SYSongGB Display H46 BD,文鼎书苑宋DisplayH46_B
1616484539001,AR SYSongGB Display H46 DB,文鼎书苑宋DisplayH46_D
1616484539006,AR SYSongGB Display H46 EB,文鼎书苑宋DisplayH46_E
1616484539011,AR SYSongGB Display H62 BD,文鼎书苑宋DisplayH62_B
1616484539016,AR SYSongGB Display H62 DB,文鼎书苑宋DisplayH62_D
1616484539023,AR SYSongGB Display H62 EB,文鼎书苑宋DisplayH62_E
1616554548012,AR UDJingXiHeiE1C80B5HK BD,文鼎UD晶熙黑體E1C80HK_B
1616554548023,AR UDJingXiHeiE1C80B5HK DB,文鼎UD晶熙黑體E1C80HK_D
1616554548031,AR UDJingXiHeiE1C80B5HK EB,文鼎UD晶熙黑體E1C80HK_E
1616554548045,AR UDJingXiHeiE1C80B5HK HV,文鼎UD晶熙黑體E1C80HK_H
1616554548051,AR UDJingXiHeiE1C80B5HK MD,文鼎UD晶熙黑體E1C80HK_M
1620182787486,AR DCQingYuanB5 MD,文鼎DC清圓體_M
1621927783715,AR MochiB5 H16C90 BD,文鼎白玉書體H16C90_B
1621927783735,AR MochiB5 H16C90 LT,文鼎白玉書體H16C90_L
1621927783753,AR MochiGB H16C90 BD,文鼎白玉书体H16C90_B
1621927783758,AR MochiGB H16C90 DB,文鼎白玉书体H16C90_D
1621927783762,AR MochiGB H16C90 LT,文鼎白玉书体H16C90_L
1621927783766,AR MochiGB H16C90 MD,文鼎白玉书体H16C90_M
1622084504764,AR QianZiBiB5 BD,文鼎簽字筆體_B
1622084504780,AR QianZiBiB5 HV,文鼎簽字筆體_H
1622084504791,AR QianZiBiB5 LT,文鼎簽字筆體_L
1622084504804,AR QianZiBiB5 MD,文鼎簽字筆體_M
1622084504828,AR VF QianZiBiB5 Wr,文鼎VF簽字筆體_Wr
1625195078034,AR MochiB5 H32C90 BD,文鼎白玉書體H32C90_B
1625195078042,AR MochiB5 H32C90 DB,文鼎白玉書體H32C90_D
1625195078054,AR MochiB5 H32C90 MD,文鼎白玉書體H32C90_M
1625195078063,AR MochiGB H32C90 BD,文鼎白玉书体H32C90_B
1625195078072,AR MochiGB H32C90 DB,文鼎白玉书体H32C90_D
1625195078083,AR MochiGB H32C90 MD,文鼎白玉书体H32C90_M
1625195078096,AR VF MochiB5 WrC,文鼎VF白玉書體_WrC
1625195078106,AR VF MochiGB WrC,文鼎VF白玉书体_WrC
1627866940179,AR DCGLYingBiKaiGB,文鼎DC光璐硬笔楷书
1627884578277,AR SYSongB5HK Text H32 MD,文鼎書苑宋HKTextH32_M
1627884578289,AR SYSongB5HK Text H46 MD,文鼎書苑宋HKTextH46_M
1629958471301,AR HuaLiB5 EH,文鼎花栗體
1632708983074,AR SYSongB5HK Display H16 MD,文鼎書苑宋HKDisplayH16_M
1632724576468,AR SYSongB5HK Display H32 MD,文鼎書苑宋HKDisplayH32_M
1632724576492,AR SYSongB5HK Display H46 MD,文鼎書苑宋HKDisplayH46_M
1632724576503,AR SYSongB5HK Display H62 MD,文鼎書苑宋HKDisplayH62_M
1632724576518,AR SYSongB5HK Text H32 HV,文鼎書苑宋HKTextH32_H
1632724576533,AR SYSongB5HK Text H46 HV,文鼎書苑宋HKTextH46_H
1635385580064,AR SYSongB5HK Display H16 HV,文鼎書苑宋HKDisplayH16_H
1635385580072,AR SYSongB5HK Display H32 HV,文鼎書苑宋HKDisplayH32_H
1635385580082,AR SYSongB5HK Display H46 HV,文鼎書苑宋HKDisplayH46_H
1635385580091,AR SYSongB5HK Display H62 HV,文鼎書苑宋HKDisplayH62_H
1638242571297,AR MochiJP H16C90 BD,AR白玉書体H16C90_B
1638242571309,AR SYSongB5HK Text H32 BD,文鼎書苑宋HKTextH32_B
1638242571320,AR SYSongB5HK Text H32 DB,文鼎書苑宋HKTextH32_D
1638242571331,AR SYSongB5HK Text H32 EB,文鼎書苑宋HKTextH32_E
1638242571342,AR SYSongB5HK Text H46 BD,文鼎書苑宋HKTextH46_B
1638242571366,AR SYSongB5HK Text H46 DB,文鼎書苑宋HKTextH46_D
1638242571378,AR SYSongB5HK Text H46 EB,文鼎書苑宋HKTextH46_E
1640571052422,AR GiHiJPE1 BD,AR魏碑体E1_B
1640571052435,AR GiHiJPE1 EB,AR魏碑体E1_E
1640672974600,AR DCCaiShenXuanXingShuB5,文鼎DC蔡燊軒行書體
1640672974610,AR SYSongB5HK Display H16 BD,文鼎書苑宋HKDisplayH16_B
1640672974617,AR SYSongB5HK Display H16 DB,文鼎書苑宋HKDisplayH16_D
1640672974625,AR SYSongB5HK Display H16 EB,文鼎書苑宋HKDisplayH16_E
1640672974634,AR SYSongB5HK Display H32 BD,文鼎書苑宋HKDisplayH32_B
1640672974650,AR SYSongB5HK Display H32 DB,文鼎書苑宋HKDisplayH32_D
1640672974659,AR SYSongB5HK Display H32 EB,文鼎書苑宋HKDisplayH32_E
1640672974667,AR SYSongB5HK Display H46 BD,文鼎書苑宋HKDisplayH46_B
1640672974675,AR SYSongB5HK Display H46 DB,文鼎書苑宋HKDisplayH46_D
1640672974683,AR SYSongB5HK Display H46 EB,文鼎書苑宋HKDisplayH46_E
1640672974695,AR SYSongB5HK Display H62 BD,文鼎書苑宋HKDisplayH62_B
1640672974703,AR SYSongB5HK Display H62 DB,文鼎書苑宋HKDisplayH62_D
1640672974712,AR SYSongB5HK Display H62 EB,文鼎書苑宋HKDisplayH62_E
1646100752636,AR MochiB5 H16C90 BL,文鼎白玉書體H16C90_BL
1649663132927,AR DCMandieScriptB5,文鼎DC曼蒂手書體
1649732578442,AR MochiB5 H16C90 EB,文鼎白玉書體H16C90_E
1650870954194,AR HuaLiB5 EH,文鼎花栗體_EH
1650872201790,AR OceanDadGB BL,文鼎大海爸爸体_BL
1650874677730,AR MochiB5 H16C90 DBL,文鼎白玉書體H16C90_DBL
1650874677745,AR MochiB5 H16C90 EH,文鼎白玉書體H16C90_EH
1650874677769,AR MochiB5 H16C90 HV,文鼎白玉書體H16C90_H
1653371458423,AR HuaLiB5 DBL,文鼎花栗體_DBL
1653371458438,AR HuaLiB5 EB,文鼎花栗體_E
1653371458448,AR HuaLiB5 HV,文鼎花栗體_H
1653371458454,AR OceanDadGB DBL,文鼎大海爸爸体_DBL
1653371458461,AR OceanDadGB EH,文鼎大海爸爸体_EH
1653371458544,AR VF SYSB5 WrWCO,文鼎VF書苑宋_WrWCO
1654675311116,AR SYSongB5HK H32C80 HV,文鼎書苑宋HKH32C80_H
1654675311127,AR SYSongB5HK H32C80 MD,文鼎書苑宋HKH32C80_M
1654675311139,AR SYSongB5HK H46C80 HV,文鼎書苑宋HKH46C80_H
1654675311152,AR SYSongB5HK H46C80 MD,文鼎書苑宋HKH46C80_M
1654753519340,AR SYSongB5HK H32C80 BD,文鼎書苑宋HKH32C80_B
1654753519350,AR SYSongB5HK H32C80 DB,文鼎書苑宋HKH32C80_D
1654753519360,AR SYSongB5HK H32C80 EB,文鼎書苑宋HKH32C80_E
1654753519370,AR SYSongB5HK H46C80 BD,文鼎書苑宋HKH46C80_B
1654753519379,AR SYSongB5HK H46C80 DB,文鼎書苑宋HKH46C80_D
1654753519388,AR SYSongB5HK H46C80 EB,文鼎書苑宋HKH46C80_E
1656042093620,AR FangXinShuH7B5 BL,文鼎方新書H7_BL
1656042119078,AR FangXinShuH7B5 DBL,文鼎方新書H7_DBL
1656042119084,AR FangXinShuH7B5 EH,文鼎方新書H7_EH
1656042119089,AR FangXinShuH7B5 UBL,文鼎方新書H7_UBL
1656042119090,AR VF MochiB5 WuC,文鼎VF白玉書體_WuC
1656042119091,AR HuaLiGB EH,文鼎花栗体_EH
1656042119092,AR DCQingXinMingB5 BD,文鼎DC清新明體_B
1656042119093,AR VF OceanDadGB Wu,文鼎VF大海爸爸体_Wu
1656042119094,AR VF FXShuB5 Wu,文鼎VF方新書_Wu
1656042119095,AR VF HuaLiB5 Wu,文鼎VF花栗體_Wu
1656042119101,AR HuaLiGB EB,文鼎花栗体_E
1656042119102,AR HuaLiGB HV,文鼎花栗体_H
1656042119103,AR HuaLiGB DBL,文鼎花栗体_DBL
1656042119104,AR VF HuaLiGB Wu,文鼎VF花栗体_Wu
1656042119111,AR SYSongGB H32C80 MD,文鼎书苑宋H32C80_M
1656042119112,AR SYSongGB H32C80 DB,文鼎书苑宋H32C80_D
1656042119113,AR SYSongGB H32C80 BD,文鼎书苑宋H32C80_B
1656042119114,AR SYSongGB H32C80 EB,文鼎书苑宋H32C80_E
1656042119115,AR SYSongGB H32C80 HV,文鼎书苑宋H32C80_H
1656042119116,AR SYSongGB H46C80 MD,文鼎书苑宋H46C80_M
1656042119117,AR SYSongGB H46C80 DB,文鼎书苑宋H46C80_D
1656042119118,AR SYSongGB H46C80 BD,文鼎书苑宋H46C80_B
1656042119119,AR SYSongGB H46C80 EB,文鼎书苑宋H46C80_E
1656042119120,AR SYSongGB H46C80 HV,文鼎书苑宋H46C80_H
1656042119121,AR MochiGB H16C90 EB,文鼎白玉书体H16C90_E
1656042119122,AR MochiGB H16C90 HV,文鼎白玉书体H16C90_Ｈ
1656042119123,AR MochiGB H16C90 EH,文鼎白玉书体H16C90_EH
1656042119123,AR MochiGB H16C90 EH,文鼎白玉书体H16C90_EＨ
1656042119124,AR MochiGB H16C90 DBL,文鼎白玉书体H16C90_DBL
1656042119125,AR MochiGB H16C90 BL,文鼎白玉书体H16C90_BL
1656042119126,AR VF MochiGB Wu,文鼎VF白玉书体_Wu
1656042119127,AR PiLiMingB5 UL,文鼎霹靂明體_U
1656042119128,AR PiLiSongGB UL,文鼎霹雳宋体_U
1656042119130,AR DCDenext,AR DCDenext
1656042119131,AR DCBlendix Bold,AR DCBlendix Bold
1656042119132,AR DCConciser Bold,AR DCConciser Bold
1656042119133,AR DCunique Bamboo Bold,AR DCunique Bamboo Bold
1656042119134,AR OceanDadB5 EH,文鼎大海爸爸體_EH
1656042119135,AR OceanDadB5 DBL,文鼎大海爸爸體_DBL
1656042119136,AR OceanDadB5 BL,文鼎大海爸爸體_BL
1656042119137,AR VF OceanDadB5 Wu,文鼎VF大海爸爸體_Wu
1656042119138,AR Angela Black,AR Angela Black
1656042119139,AR Aramar Light,AR Aramar Light
1656042119140,AR Audrie Extrabold,AR Audrie Extrabold
1656042119141,AR JingXiRunHeiB5HK EH,文鼎晶熙潤黑HK_EH
1656042119142,AR JingXiRunHeiB5HK DBL,文鼎晶熙潤黑HK_DBL
1656042119143,AR JingXiRunHeiB5HK BL,文鼎晶熙潤黑HK_BL
1656042119144,AR JingXiRunHeiB5HK UBL,文鼎晶熙潤黑HK_UBL
1656042119145,AR JingXiRunHeiGB EH,文鼎晶熙润黑_EH
1656042119146,AR JingXiRunHeiGB DBL,文鼎晶熙润黑_DBL
1656042119147,AR JingXiRunHeiGB BL,文鼎晶熙润黑_BL
1656042119148,AR JingXiRunHeiGB UBL,文鼎晶熙润黑_UBL
1656042119149,AR DCDenext Bold,AR DCDenext Bold
1656042119150,AR SYSongU30 Text H32 MD,文鼎書苑宋U30TextH32_M
1656042119151,AR SYSongU30 Text H32 DB,文鼎書苑宋U30TextH32_D
1656042119152,AR SYSongU30 Text H32 BD,文鼎書苑宋U30TextH32_B
1656042119153,AR SYSongU30 Text H32 EB,文鼎書苑宋U30TextH32_E
1656042119154,AR SYSongU30 Text H32 HV,文鼎書苑宋U30TextH32_H
1656042119155,AR SYSongU30 Text H46 MD,文鼎書苑宋U30TextH46_M
1656042119156,AR SYSongU30 Text H46 DB,文鼎書苑宋U30TextH46_D
1656042119157,AR SYSongU30 Text H46 BD,文鼎書苑宋U30TextH46_B
1656042119158,AR SYSongU30 Text H46 EB,文鼎書苑宋U30TextH46_E
1656042119159,AR SYSongU30 Text H46 HV,文鼎書苑宋U30TextH46_H
1656042119160,AR VF JXHeiB5 Wu,文鼎VF晶熙黑體_Wu
1656042119161,AR FangXinRunYuanB5 EH,文鼎方新潤圓_EH
1656042119162,AR FangXinRunYuanB5 DBL,文鼎方新潤圓_DBL
1656042119163,AR FangXinRunYuanB5 BL,文鼎方新潤圓_BL
1656042119164,AR FangXinRunYuanB5 UBL,文鼎方新潤圓_UBL
1690967828264,AR SYSongG30 Text H32 BD,文鼎书苑宋G30TextH32_B
1691374610716,AR SYSongG30 Text H32 DB,文鼎书苑宋G30TextH32_D
1691375336963,AR SYSongG30 Text H32 EB,文鼎书苑宋G30TextH32_E
1691375345729,AR SYSongG30 Text H32 HV,文鼎书苑宋G30TextH32_H
1691375354635,AR SYSongG30 Text H32 MD,文鼎书苑宋G30TextH32_M
1691375363666,AR SYSongG30 Text H46 BD,文鼎书苑宋G30TextH46_B
1691375372651,AR SYSongG30 Text H46 DB,文鼎书苑宋G30TextH46_D
1691375381947,AR SYSongG30 Text H46 EB,文鼎书苑宋G30TextH46_E
1691375390683,AR SYSongG30 Text H46 HV,文鼎书苑宋G30TextH46_H
1691375399574,AR SYSongG30 Text H46 MD,文鼎书苑宋G30TextH46_M
1692687692057,AR Austere Demiblack,AR Austere Demiblack
1692687705088,AR Backwar Heavy,AR Backwar Heavy
1692687722652,AR Benjamin Demibold,AR Benjamin Demibold
1695101604025,AR Betsy Light,AR Betsy Light
1695101611384,AR Blair Demibold,AR Blair Demibold
1697523468137,AR Bracken Light,AR Bracken Light
1697523473246,AR Brazil Light,AR Brazil Light
1701229625694,AR Brettn Extraheavy,AR Brettn Extraheavy
1701229630054,AR Brucen Extrabold,AR Brucen Extrabold
1703646856620,AR Brycen Extrabold,AR Brycen Extrabold
1703646862511,AR Cameon Extrabold,AR Cameon Extrabold
1706076258216,AR Camilla Demibold,AR Camilla Demibold
1706076264888,AR ChowderB5Min UBL,文鼎濃湯體Min_UBL
1706076268810,AR UDJingXiHeiE1JP3 LT,ARUD晶熙ゴシック体E1JP3_L
1714989895621,AR Canaan Demiblack,AR Canaan Demiblack
1714990174443,AR DCQingXinMingB5Std MD,文鼎DC清新明體B5Std_M
1714990188865,AR FlyingEavesB5Min DB,文鼎鳳簷體Min_D
1721204015289,AR Carleen Medium,AR Carleen Medium
1721204020103,AR ChowderGB UBL,文鼎浓汤体_UBL
1724312267887,A-OTF A1 Mincho Std Bold,A-OTF A1明朝 Std Bold
1724312272388,A-OTF Akashi Std L,A-OTF 明石 Std L
1724312276247,A-OTF CinemaLetter Std L,A-OTF シネマレター Std L
1724399872945,A-OTF Folk Pro B,A-OTF フォーク Pro B
1724429720852,A-OTF Folk Pro H,A-OTF フォーク Pro H
1724429728353,A-OTF Folk Pro M,A-OTF フォーク Pro M
1724429732306,A-OTF Folk Pro R,A-OTF フォーク Pro R
1724429736962,A-OTF Futo Go B101 Pr6 Bold,A-OTF 太ゴB101 Pr6 Bold
1724429741353,A-OTF Futo Go B101 Pr6N Bold,A-OTF 太ゴB101 Pr6N Bold
1724429745665,A-OTF Futo Min A101 Pr6 Bold,A-OTF 太ミンA101 Pr6 Bold
1724429750415,A-OTF Futo Min A101 Pr6N Bold,A-OTF 太ミンA101 Pr6N Bold
1724429754884,A-OTF Gothic BBB Pr6 Medium,A-OTF 中ゴシックBBB Pr6 Medium
1724429759337,A-OTF Gothic BBB Pr6N Medium,A-OTF 中ゴシックBBB Pr6N Med
1724507737300,A-OTF Gothic MB101 Pr6 B,A-OTF ゴシックMB101 Pr6 B
1724507742393,A-OTF Gothic MB101 Pr6 DB,A-OTF ゴシックMB101 Pr6 DB
1724507747347,A-OTF Gothic MB101 Pr6 H,A-OTF ゴシックMB101 Pr6 H
1724507751768,A-OTF Gothic MB101 Pr6 L,A-OTF ゴシックMB101 Pr6 L
1724507756972,A-OTF Gothic MB101 Pr6 M,A-OTF ゴシックMB101 Pr6 M
1724507761815,A-OTF Gothic MB101 Pr6N B,A-OTF ゴシックMB101 Pr6N B
1724507766675,A-OTF Gothic MB101 Pr6N DB,A-OTF ゴシックMB101 Pr6N DB
1724507771487,A-OTF Gothic MB101 Pr6N H,A-OTF ゴシックMB101 Pr6N H
1724507776331,A-OTF Gothic MB101 Pr6N L,A-OTF ゴシックMB101 Pr6N L
1724507781583,A-OTF Gothic MB101 Pr6N M,A-OTF ゴシックMB101 Pr6N M
1724507786692,A-OTF Gothic MB101 Pr6N R,A-OTF ゴシックMB101 Pr6N R
1724507790835,A-OTF Gothic MB101 Pr6N U,A-OTF ゴシックMB101 Pr6N U
1724507795162,A-OTF Gothic MB101 Pr6 R,A-OTF ゴシックMB101 Pr6 R
1724507799255,A-OTF Gothic MB101 Pr6 U,A-OTF ゴシックMB101 Pr6 U
1724517062505,A-OTF Harucraft Std Heavy,A-OTF ハルクラフト Std Heavy
1724517067646,A-OTF Haruhi Gakuen L,A-OTF はるひ学園 Std L
1724517072162,A-OTF Higemoji Std U,A-OTF ひげ文字 Std U
1724517076224,A-OTF Jomin Std L,A-OTF 徐明 Std L
1724517080929,A-OTF Jun Pro 34,A-OTF じゅん Pro 34
1724517085851,A-OTF Jun Pro 101,A-OTF じゅん Pro 101
1724517090648,A-OTF Jun Pro 201,A-OTF じゅん Pro 201
1724517095335,A-OTF Jun Pro 501,A-OTF じゅん Pro 501
1724517099304,A-OTF Kaimin Sora Std B,A-OTF 解ミン 宙 Std B
1724517103335,A-OTF Kaimin Sora Std H,A-OTF 解ミン 宙 Std H
1724517107273,A-OTF Kaimin Sora Std M,A-OTF 解ミン 宙 Std M
1724517111382,A-OTF Kaimin Sora Std R,A-OTF 解ミン 宙 Std R
1724517115476,A-OTF Kaimin Tsuki Std B,A-OTF 解ミン 月 Std B
1724517119788,A-OTF Kaimin Tsuki Std H,A-OTF 解ミン 月 Std H
1724517124148,A-OTF Kaimin Tsuki Std M,A-OTF 解ミン 月 Std M
1724517128945,A-OTF Kaimin Tsuki Std R,A-OTF 解ミン 月 Std R
1724517133632,A-OTF Kaisho MCBK1 Pro MCBK1,A-OTF 楷書MCBK1 Pro MCBK1
1724517138257,A-OTF Kakushin Gyousho Std L,A-OTF 角新行書 Std L
1724517142462,A-OTF Kakushin Gyousho Std M,A-OTF 角新行書 Std M
1724517146853,A-OTF Kakumin Pro B,A-OTF カクミン Pro B
1724517151275,A-OTF Kakumin Pro H,A-OTF カクミン Pro H
1724517155884,A-OTF Kakumin Pro M,A-OTF カクミン Pro M
1724517160306,A-OTF Kakumin Pro R,A-OTF カクミン Pro R
1724517164572,A-OTF Kanteiryu Std Ultra,A-OTF 勘亭流 Std Ultra
1724517168495,A-OTF Kocho Std Heavy,A-OTF 光朝 Std Heavy
1724517172681,A-OTF Kumoya Std R,A-OTF くもやじ Std R
1724517177650,A-OTF Kyoukasho ICA Pro L,A-OTF 教科書ICA Pro L
1724517182181,A-OTF Kyoukasho ICA Pro M,A-OTF 教科書ICA Pro M
1724517186509,A-OTF Kyoukasho ICA Pro R,A-OTF 教科書ICA Pro R
1724577077257,A-OTF Maru Folk Pro B,A-OTF 丸フォーク Pro B
1724577081730,A-OTF Maru Folk Pro H,A-OTF 丸フォーク Pro H
1724577086370,A-OTF Maru Folk Pro M,A-OTF 丸フォーク Pro M
1724577090448,A-OTF Maru Folk Pro R,A-OTF 丸フォーク Pro R
1724577094683,A-OTF Midashi Go MB31 Pr6 MB31,A-OTF 見出ゴMB31 Pr6 MB31
1724577099120,A-OTF Midashi Go MB31 Pr6N MB31,A-OTF 見出ゴMB31 Pr6N MB31
1724577103652,A-OTF Midashi Min MA31 Pr6 MA31,A-OTF 見出ミンMA31 Pr6 MA31
1724577109089,A-OTF Midashi Mi MA31 Pr6N MA31,A-OTF 見出ミンMA31 Pr6N MA31
1724577113215,A-OTF Midashi Min MA1 Std Bold,A-OTF 見出ミンMA1 Std Bold
1724577117433,A-OTF Midashi Go MB1 Std DeBold,A-OTF 見出ゴMB1 Std DeBold
1724577121480,A-OTF Moaria Std B,A-OTF モアリア Std B
1724577125980,A-OTF Moaria Std R,A-OTF モアリア Std R
1724597387060,A-OTF Pretty Momo Std Bold,A-OTF プリティー桃 Std Bold
1724597391966,A-OTF Reimin Pr6 B,A-OTF 黎ミン Pr6 B
1724597396279,A-OTF Reimin Pr6 EB,A-OTF 黎ミン Pr6 EB
1724597401638,A-OTF Reimin Pr6 EH,A-OTF 黎ミン Pr6 EH
1724597407623,A-OTF Reimin Pr6 H,A-OTF 黎ミン Pr6 H
1724597412560,A-OTF Reimin Pr6 L,A-OTF 黎ミン Pr6 L
1724597418185,A-OTF Reimin Pr6 M,A-OTF 黎ミン Pr6 M
1724597423311,A-OTF Reimin Pr6N B,A-OTF 黎ミン Pr6N B
1724597427780,A-OTF Reimin Pr6N EB,A-OTF 黎ミン Pr6N EB
1724597432171,A-OTF Reimin Pr6N EH,A-OTF 黎ミン Pr6N EH
1724597436952,A-OTF Reimin Pr6N H,A-OTF 黎ミン Pr6N H
1724597441983,A-OTF Reimin Pr6N L,A-OTF 黎ミン Pr6N L
1724597446890,A-OTF Reimin Pr6N M,A-OTF 黎ミン Pr6N M
1724597454015,A-OTF Reimin Pr6N R,A-OTF 黎ミン Pr6N R
1724597459062,A-OTF Reimin Pr6N U,A-OTF 黎ミン Pr6N U
1724597463437,A-OTF Reimin Pr6 R,A-OTF 黎ミン Pr6 R
1724597468327,A-OTF Reimin Pr6 U,A-OTF 黎ミン Pr6 U
1724597473015,A-OTF Reimin Y40 Pr6 B,A-OTF 黎ミンY40 Pr6 B
1724597477531,A-OTF Reimin Y40 Pr6 EB,A-OTF 黎ミンY40 Pr6 EB
1724597482298,A-OTF Reimin Y40 Pr6 EH,A-OTF 黎ミンY40 Pr6 EH
1724597486704,A-OTF Reimin Y40 Pr6 H,A-OTF 黎ミンY40 Pr6 H
1724597491860,A-OTF Reimin Y40 Pr6N B,A-OTF 黎ミンY40 Pr6N B
1724597496360,A-OTF Reimin Y40 Pr6N EB,A-OTF 黎ミンY40 Pr6N EB
1724597501282,A-OTF Reimin Y40 Pr6N EH,A-OTF 黎ミンY40 Pr6N EH
1724597505907,A-OTF Reimin Y40 Pr6N H,A-OTF 黎ミンY40 Pr6N H
1724597511376,A-OTF Reimin Y40 Pr6N U,A-OTF 黎ミンY40 Pr6N U
1724597516610,A-OTF Reimin Y40 Pr6 U,A-OTF 黎ミンY40 Pr6 U
1724597521407,A-OTF Reimin Y10 Pr6 B,A-OTF 黎ミンY10 Pr6 B
1724597527110,A-OTF Reimin Y10 Pr6 EB,A-OTF 黎ミンY10 Pr6 EB
1724597532657,A-OTF Reimin Y10 Pr6 EH,A-OTF 黎ミンY10 Pr6 EH
1724597538861,A-OTF Reimin Y10 Pr6 H,A-OTF 黎ミンY10 Pr6 H
1724597544237,A-OTF Reimin Y10 Pr6 L,A-OTF 黎ミンY10 Pr6 L
1724597548799,A-OTF Reimin Y10 Pr6 M,A-OTF 黎ミンY10 Pr6 M
1724597553799,A-OTF Reimin Y10 Pr6N B,A-OTF 黎ミンY10 Pr6N B
1724597558675,A-OTF Reimin Y10 Pr6N EB,A-OTF 黎ミンY10 Pr6N EB
1724597563878,A-OTF Reimin Y10 Pr6N EH,A-OTF 黎ミンY10 Pr6N EH
1724597568862,A-OTF Reimin Y10 Pr6N H,A-OTF 黎ミンY10 Pr6N H
1724597573784,A-OTF Reimin Y10 Pr6N L,A-OTF 黎ミンY10 Pr6N L
1724597578893,A-OTF Reimin Y10 Pr6N M,A-OTF 黎ミンY10 Pr6N M
1724597583472,A-OTF Reimin Y10 Pr6N R,A-OTF 黎ミンY10 Pr6N R
1724597588394,A-OTF Reimin Y10 Pr6N U,A-OTF 黎ミンY10 Pr6N U
1724597594347,A-OTF Reimin Y10 Pr6 R,A-OTF 黎ミンY10 Pr6 R
1724597600112,A-OTF Reimin Y10 Pr6 U,A-OTF 黎ミンY10 Pr6 U
1724597605520,A-OTF Reimin Y30 Pr6 B,A-OTF 黎ミンY30 Pr6 B
1724597610224,A-OTF Reimin Y30 Pr6 EB,A-OTF 黎ミンY30 Pr6 EB
1724597615895,A-OTF Reimin Y30 Pr6 EH,A-OTF 黎ミンY30 Pr6 EH
1724597624161,A-OTF Reimin Y30 Pr6 H,A-OTF 黎ミンY30 Pr6 H
1724597630458,A-OTF Reimin Y30 Pr6 M,A-OTF 黎ミンY30 Pr6 M
1724597636645,A-OTF Reimin Y30 Pr6N B,A-OTF 黎ミンY30 Pr6N B
1724597642599,A-OTF Reimin Y30 Pr6N EB,A-OTF 黎ミンY30 Pr6N EB
1724597648052,A-OTF Reimin Y30 Pr6N EH,A-OTF 黎ミンY30 Pr6N EH
1724597654255,A-OTF Reimin Y30 Pr6N H,A-OTF 黎ミンY30 Pr6N H
1724597659786,A-OTF Reimin Y30 Pr6N M,A-OTF 黎ミンY30 Pr6N M
1724597664913,A-OTF Reimin Y30 Pr6N U,A-OTF 黎ミンY30 Pr6N U
1724597670303,A-OTF Reimin Y30 Pr6 U,A-OTF 黎ミンY30 Pr6 U
1724597676053,A-OTF Reimin Y20 Pr6 B,A-OTF 黎ミンY20 Pr6 B
1724597681897,A-OTF Reimin Y20 Pr6 EB,A-OTF 黎ミンY20 Pr6 EB
1724597687131,A-OTF Reimin Y20 Pr6 EH,A-OTF 黎ミンY20 Pr6 EH
1724597691975,A-OTF Reimin Y20 Pr6 H,A-OTF 黎ミンY20 Pr6 H
1724597697069,A-OTF Reimin Y20 Pr6 M,A-OTF 黎ミンY20 Pr6 M
1724597702397,A-OTF Reimin Y20 Pr6N B,A-OTF 黎ミンY20 Pr6N B
1724597707350,A-OTF Reimin Y20 Pr6N EB,A-OTF 黎ミンY20 Pr6N EB
1724597711991,A-OTF Reimin Y20 Pr6N EH,A-OTF 黎ミンY20 Pr6N EH
1724597717069,A-OTF Reimin Y20 Pr6N H,A-OTF 黎ミンY20 Pr6N H
1724597721805,A-OTF Reimin Y20 Pr6N M,A-OTF 黎ミンY20 Pr6N M
1724597726899,A-OTF Reimin Y20 Pr6N R,A-OTF 黎ミンY20 Pr6N R
1724597732664,A-OTF Reimin Y20 Pr6N U,A-OTF 黎ミンY20 Pr6N U
1724597738243,A-OTF Reimin Y20 Pr6 R,A-OTF 黎ミンY20 Pr6 R
1724597744149,A-OTF Reimin Y20 Pr6 U,A-OTF 黎ミンY20 Pr6 U
1724597748821,A-OTF Reisho 101 Std Medium,A-OTF 隷書101 Std Medium
1724597802246,A-OTF Ryumin Pr6 B-KL,A-OTF リュウミン Pr6 B-KL
1724597807168,A-OTF Ryumin Pr6 EB-KL,A-OTF リュウミン Pr6 EB-KL
1724597812152,A-OTF Ryumin Pr6 EH-KL,A-OTF リュウミン Pr6 EH-KL
1724597817511,A-OTF Ryumin Pr6 H-KL,A-OTF リュウミン Pr6 H-KL
1724597823449,A-OTF Ryumin Pr6 L-KL,A-OTF リュウミン Pr6 L-KL
1724597828636,A-OTF Ryumin Pr6 M-KL,A-OTF リュウミン Pr6 M-KL
1724597834043,A-OTF Ryumin Pr6N B-KL,A-OTF リュウミン Pr6N B-KL
1724597839433,A-OTF Ryumin Pr6N EB-KL,A-OTF リュウミン Pr6N EB-KL
1724597845107,A-OTF Ryumin Pr6N EH-KL,A-OTF リュウミン Pr6N EH-KL
1724597850263,A-OTF Ryumin Pr6N H-KL,A-OTF リュウミン Pr6N H-KL
1724597855919,A-OTF Ryumin Pr6N L-KL,A-OTF リュウミン Pr6N L-KL
1724597861263,A-OTF Ryumin Pr6N M-KL,A-OTF リュウミン Pr6N M-KL
1724597867295,A-OTF Ryumin Pr6N R-KL,A-OTF リュウミン Pr6N R-KL
1724597872201,A-OTF Ryumin Pr6N U-KL,A-OTF リュウミン Pr6N U-KL
1724597877904,A-OTF Ryumin Pr6 R-KL,A-OTF リュウミン Pr6 R-KL
1724597883529,A-OTF Ryumin Pr6 U-KL,A-OTF リュウミン Pr6 U-KL
1724604609638,A-OTF Sei Kaisho CB1 Pr5,A-OTF 正楷書CB1 Pr5 Regular
1724604613716,A-OTF Shin Go Min Emboss,A-OTF 新ゴ Min エンボス
1724604618060,A-OTF Shin Go Min Futoline,A-OTF 新ゴ Min 太ライン
1724604622030,A-OTF Shin Go Min Line,A-OTF 新ゴ Min ライン
1724604626295,A-OTF Shin Go Min Shadow,A-OTF 新ゴ Min シャドウ
1724604630686,A-OTF Shin Go Pr6 B,A-OTF 新ゴ Pr6 B
1724604634827,A-OTF Shin Go Pr6 DB,A-OTF 新ゴ Pr6 DB
1724604639171,A-OTF Shin Go Pr6 EL,A-OTF 新ゴ Pr6 EL
1724604643749,A-OTF Shin Go Pr6 H,A-OTF 新ゴ Pr6 H
1724604648046,A-OTF Shin Go Pr6 L,A-OTF 新ゴ Pr6 L
1724604652280,A-OTF Shin Go Pr6 M,A-OTF 新ゴ Pr6 M
1724604656577,A-OTF Shin Go Pr6N B,A-OTF 新ゴ Pr6N B
1724604660983,A-OTF Shin Go Pr6N DB,A-OTF 新ゴ Pr6N DB
1724604665389,A-OTF Shin Go Pr6N EL,A-OTF 新ゴ Pr6N EL
1724604669733,A-OTF Shin Go Pr6N H,A-OTF 新ゴ Pr6N H
1724604673843,A-OTF Shin Go Pr6N L,A-OTF 新ゴ Pr6N L
1724604677811,A-OTF Shin Go Pr6N M,A-OTF 新ゴ Pr6N M
1724604682313,A-OTF Shin Go Pr6N R,A-OTF 新ゴ Pr6N R
1724604686563,A-OTF Shin Go Pr6N U,A-OTF 新ゴ Pr6N U
1724604690844,A-OTF Shin Go Pr6 R,A-OTF 新ゴ Pr6 R
1724604694829,A-OTF Shin Go Pr6 U,A-OTF 新ゴ Pr6 U
1724604699094,A-OTF Shin Maru Go Min Emboss,A-OTF 新丸ゴ Min エンボス
1724604703391,A-OTF Shin Maru Go Min Futoline,A-OTF 新丸ゴ Min 太ライン
1724604707989,A-OTF Shin Maru Go Min Line,A-OTF 新丸ゴ Min ライン
1724604712079,A-OTF Shin Maru Go Min Shadow,A-OTF 新丸ゴ Min シャドウ
1724604716204,A-OTF Shin Maru Go Pr6 B,A-OTF 新丸ゴ Pr6 B
1724604720751,A-OTF Shin Maru Go Pr6 DB,A-OTF 新丸ゴ Pr6 DB
1724604725673,A-OTF Shin Maru Go Pr6 H,A-OTF 新丸ゴ Pr6 H
1724604730391,A-OTF Shin Maru Go Pr6 L,A-OTF 新丸ゴ Pr6 L
1724604734954,A-OTF Shin Maru Go Pr6 M,A-OTF 新丸ゴ Pr6 M
1724604739485,A-OTF Shin Maru Go Pr6N B,A-OTF 新丸ゴ Pr6N B
1724604744377,A-OTF Shin Maru Go Pr6N DB,A-OTF 新丸ゴ Pr6N DB
1724604748783,A-OTF Shin Maru Go Pr6N H,A-OTF 新丸ゴ Pr6N H
1724604753174,A-OTF Shin Maru Go Pr6N L,A-OTF 新丸ゴ Pr6N L
1724604758252,A-OTF Shin Maru Go Pr6N M,A-OTF 新丸ゴ Pr6N M
1724604762940,A-OTF Shin Maru Go Pr6N R,A-OTF 新丸ゴ Pr6N R
1724604767502,A-OTF Shin Maru Go Pr6N U,A-OTF 新丸ゴ Pr6N U
1724604772143,A-OTF Shin Maru Go Pr6 R,A-OTF 新丸ゴ Pr6 R
1724604776627,A-OTF Shin Maru Go Pr6 U,A-OTF 新丸ゴ Pr6 U
1724604818442,A-OTF Soft Gothic Std B,A-OTF ソフトゴシック Std B
1724604822395,A-OTF Soft Gothic Std DB,A-OTF ソフトゴシック Std DB
1724604826348,A-OTF Soft Gothic Std H,A-OTF ソフトゴシック Std H
1724604830317,A-OTF Soft Gothic Std L,A-OTF ソフトゴシック Std L
1724604834364,A-OTF Soft Gothic Std M,A-OTF ソフトゴシック Std M
1724604838192,A-OTF Soft Gothic Std R,A-OTF ソフトゴシック Std R
1724604841973,A-OTF Soft Gothic Std U,A-OTF ソフトゴシック Std U
1724604846114,A-OTF Suzumushi Std M,A-OTF すずむし Std M
1724674677164,A-OTF Takamodern Min M,A-OTF タカモダン Min M
1724674681211,A-OTF Take Std B,A-OTF 竹 Std B
1724674685321,A-OTF Take Std H,A-OTF 竹 Std H
1724674689930,A-OTF Take Std L,A-OTF 竹 Std L
1724674694362,A-OTF Take Std M,A-OTF 竹 Std M
1724674699055,A-OTF Talking Std R,A-OTF トーキング Std R
1724674703416,A-OTF Tunnel Min Tightline,A-OTF トンネル Min 細線
1724674707510,A-OTF Tunnel Min Wideline,A-OTF トンネル Min 太線
1724674713150,A-OTF UD Reimin Pr6 B,A-OTF UD黎ミン Pr6 B
1724674718260,A-OTF UD Reimin Pr6 EB,A-OTF UD黎ミン Pr6 EB
1724674723182,A-OTF UD Reimin Pr6 H,A-OTF UD黎ミン Pr6 H
1724674727635,A-OTF UD Reimin Pr6 L,A-OTF UD黎ミン Pr6 L
1724674732213,A-OTF UD Reimin Pr6 M,A-OTF UD黎ミン Pr6 M
1724674737260,A-OTF UD Reimin Pr6N B,A-OTF UD黎ミン Pr6N B
1724674742307,A-OTF UD Reimin Pr6N EB,A-OTF UD黎ミン Pr6N EB
1724674747791,A-OTF UD Reimin Pr6N H,A-OTF UD黎ミン Pr6N H
1724674752744,A-OTF UD Reimin Pr6N L,A-OTF UD黎ミン Pr6N L
1724674757291,A-OTF UD Reimin Pr6N M,A-OTF UD黎ミン Pr6N M
1724674762605,A-OTF UD Reimin Pr6N R,A-OTF UD黎ミン Pr6N R
1724674767855,A-OTF UD Reimin Pr6 R,A-OTF UD黎ミン Pr6 R
1724674772496,A-OTF UD Shin Go Con80 Pr6 B,A-OTF UD新ゴコンデ80 Pr6 B
1724674777137,A-OTF UD Shin Go Con80 Pr6 DB,A-OTF UD新ゴコンデ80 Pr6 DB
1724674781590,A-OTF UD Shin Go Con80 Pr6 EL,A-OTF UD新ゴコンデ80 Pr6 EL
1724674786465,A-OTF UD Shin Go Con80 Pr6 H,A-OTF UD新ゴコンデ80 Pr6 H
1724674791090,A-OTF UD Shin Go Con80 Pr6 L,A-OTF UD新ゴコンデ80 Pr6 L
1724674795762,A-OTF UD Shin Go Con80 Pr6 M,A-OTF UD新ゴコンデ80 Pr6 M
1724674799965,A-OTF UD Shin Go Con80 Pr6N B,A-OTF UD新ゴコンデ80 Pr6N B
1724674805371,A-OTF UD Shin Go Con80 Pr6N DB,A-OTF UD新ゴコンデ80 Pr6N DB
1724674810403,A-OTF UD Shin Go Con80 Pr6N EL,A-OTF UD新ゴコンデ80 Pr6N EL
1724674814825,A-OTF UD Shin Go Con80 Pr6N H,A-OTF UD新ゴコンデ80 Pr6N H
1724674819637,A-OTF UD Shin Go Con80 Pr6N L,A-OTF UD新ゴコンデ80 Pr6N L
1724674824326,A-OTF UD Shin Go Con80 Pr6N M,A-OTF UD新ゴコンデ80 Pr6N M
1724674828904,A-OTF UD Shin Go Con80 Pr6N R,A-OTF UD新ゴコンデ80 Pr6N R
1724674833107,A-OTF UD Shin Go Con80 Pr6N U,A-OTF UD新ゴコンデ80 Pr6N U
1724674837185,A-OTF UD Shin Go Con80 Pr6 R,A-OTF UD新ゴコンデ80 Pr6 R
1724674841545,A-OTF UD Shin Go Con80 Pr6 U,A-OTF UD新ゴコンデ80 Pr6 U
1724674846186,A-OTF UD Shin Go Con50 Pr6 B,A-OTF UD新ゴコンデ50 Pr6 B
1724674850498,A-OTF UD Shin Go Con50 Pr6 DB,A-OTF UD新ゴコンデ50 Pr6 DB
1724674854920,A-OTF UD Shin Go Con50 Pr6 EL,A-OTF UD新ゴコンデ50 Pr6 EL
1724674858982,A-OTF UD Shin Go Con50 Pr6 H,A-OTF UD新ゴコンデ50 Pr6 H
1724674863670,A-OTF UD Shin Go Con50 Pr6 L,A-OTF UD新ゴコンデ50 Pr6 L
1724674868357,A-OTF UD Shin Go Con50 Pr6 M,A-OTF UD新ゴコンデ50 Pr6 M
1724674872607,A-OTF UD Shin Go Con50 Pr6N B,A-OTF UD新ゴコンデ50 Pr6N B
1724674877154,A-OTF UD Shin Go Con50 Pr6N DB,A-OTF UD新ゴコンデ50 Pr6N DB
1724674882406,A-OTF UD Shin Go Con50 Pr6N EL,A-OTF UD新ゴコンデ50 Pr6N EL
1724674886593,A-OTF UD Shin Go Con50 Pr6N H,A-OTF UD新ゴコンデ50 Pr6N H
1724674891000,A-OTF UD Shin Go Con50 Pr6N L,A-OTF UD新ゴコンデ50 Pr6N L
1724674895078,A-OTF UD Shin Go Con50 Pr6N M,A-OTF UD新ゴコンデ50 Pr6N M
1724674899922,A-OTF UD Shin Go Con50 Pr6N R,A-OTF UD新ゴコンデ50 Pr6N R
1724674904265,A-OTF UD Shin Go Con50 Pr6N U,A-OTF UD新ゴコンデ50 Pr6N U
1724674908937,A-OTF UD Shin Go Con50 Pr6 R,A-OTF UD新ゴコンデ50 Pr6 R
1724674913203,A-OTF UD Shin Go Con50 Pr6 U,A-OTF UD新ゴコンデ50 Pr6 U
1724674917515,A-OTF UD Shin Go Con90 Pr6 B,A-OTF UD新ゴコンデ90 Pr6 B
1724674922015,A-OTF UD Shin Go Con90 Pr6 DB,A-OTF UD新ゴコンデ90 Pr6 DB
1724674926437,A-OTF UD Shin Go Con90 Pr6 EL,A-OTF UD新ゴコンデ90 Pr6 EL
1724674931125,A-OTF UD Shin Go Con90 Pr6 H,A-OTF UD新ゴコンデ90 Pr6 H
1724674935750,A-OTF UD Shin Go Con90 Pr6 L,A-OTF UD新ゴコンデ90 Pr6 L
1724674940125,A-OTF UD Shin Go Con90 Pr6 M,A-OTF UD新ゴコンデ90 Pr6 M
1724674944893,A-OTF UD Shin Go Con90 Pr6N B,A-OTF UD新ゴコンデ90 Pr6N B
1724674949471,A-OTF UD Shin Go Con90 Pr6N DB,A-OTF UD新ゴコンデ90 Pr6N DB
1724674954487,A-OTF UD Shin Go Con90 Pr6N EL,A-OTF UD新ゴコンデ90 Pr6N EL
1724674959378,A-OTF UD Shin Go Con90 Pr6N H,A-OTF UD新ゴコンデ90 Pr6N H
1724674963753,A-OTF UD Shin Go Con90 Pr6N L,A-OTF UD新ゴコンデ90 Pr6N L
1724674968456,A-OTF UD Shin Go Con90 Pr6N M,A-OTF UD新ゴコンデ90 Pr6N M
1724674973334,A-OTF UD Shin Go Con90 Pr6N R,A-OTF UD新ゴコンデ90 Pr6N R
1724674977737,A-OTF UD Shin Go Con90 Pr6N U,A-OTF UD新ゴコンデ90 Pr6N U
1724674982518,A-OTF UD Shin Go Con90 Pr6 R,A-OTF UD新ゴコンデ90 Pr6 R
1724674988175,A-OTF UD Shin Go Con90 Pr6 U,A-OTF UD新ゴコンデ90 Pr6 U
1724674993128,A-OTF UD Shin Go Con70 Pr6 B,A-OTF UD新ゴコンデ70 Pr6 B
1724674998097,A-OTF UD Shin Go Con70 Pr6 DB,A-OTF UD新ゴコンデ70 Pr6 DB
1724675002817,A-OTF UD Shin Go Con70 Pr6 EL,A-OTF UD新ゴコンデ70 Pr6 EL
1724675007301,A-OTF UD Shin Go Con70 Pr6 H,A-OTF UD新ゴコンデ70 Pr6 H
1724675011676,A-OTF UD Shin Go Con70 Pr6 L,A-OTF UD新ゴコンデ70 Pr6 L
1724675015911,A-OTF UD Shin Go Con70 Pr6 M,A-OTF UD新ゴコンデ70 Pr6 M
1724675020630,A-OTF UD Shin Go Con70 Pr6N B,A-OTF UD新ゴコンデ70 Pr6N B
1724675026333,A-OTF UD Shin Go Con70 Pr6N DB,A-OTF UD新ゴコンデ70 Pr6N DB
1724675030723,A-OTF UD Shin Go Con70 Pr6N EL,A-OTF UD新ゴコンデ70 Pr6N EL
1724675035317,A-OTF UD Shin Go Con70 Pr6N H,A-OTF UD新ゴコンデ70 Pr6N H
1724675039630,A-OTF UD Shin Go Con70 Pr6N L,A-OTF UD新ゴコンデ70 Pr6N L
1724675044395,A-OTF UD Shin Go Con70 Pr6N M,A-OTF UD新ゴコンデ70 Pr6N M
1724675049692,A-OTF UD Shin Go Con70 Pr6N R,A-OTF UD新ゴコンデ70 Pr6N R
1724675054052,A-OTF UD Shin Go Con70 Pr6N U,A-OTF UD新ゴコンデ70 Pr6N U
1724675058395,A-OTF UD Shin Go Con70 Pr6 R,A-OTF UD新ゴコンデ70 Pr6 R
1724675063694,A-OTF UD Shin Go Con70 Pr6 U,A-OTF UD新ゴコンデ70 Pr6 U
1724675068709,A-OTF UD Shin Go Con60 Pr6 B,A-OTF UD新ゴコンデ60 Pr6 B
1724675073663,A-OTF UD Shin Go Con60 Pr6 DB,A-OTF UD新ゴコンデ60 Pr6 DB
1724675078069,A-OTF UD Shin Go Con60 Pr6 EL,A-OTF UD新ゴコンデ60 Pr6 EL
1724675082741,A-OTF UD Shin Go Con60 Pr6 H,A-OTF UD新ゴコンデ60 Pr6 H
1724675087022,A-OTF UD Shin Go Con60 Pr6 L,A-OTF UD新ゴコンデ60 Pr6 L
1724675091694,A-OTF UD Shin Go Con60 Pr6 M,A-OTF UD新ゴコンデ60 Pr6 M
1724675096866,A-OTF UD Shin Go Con60 Pr6N B,A-OTF UD新ゴコンデ60 Pr6N B
1724675101475,A-OTF UD Shin Go Con60 Pr6N DB,A-OTF UD新ゴコンデ60 Pr6N DB
1724675106147,A-OTF UD Shin Go Con60 Pr6N EL,A-OTF UD新ゴコンデ60 Pr6N EL
1724675111178,A-OTF UD Shin Go Con60 Pr6N H,A-OTF UD新ゴコンデ60 Pr6N H
1724675116507,A-OTF UD Shin Go Con60 Pr6N L,A-OTF UD新ゴコンデ60 Pr6N L
1724675121413,A-OTF UD Shin Go Con60 Pr6N M,A-OTF UD新ゴコンデ60 Pr6N M
1724675126086,A-OTF UD Shin Go Con60 Pr6N R,A-OTF UD新ゴコンデ60 Pr6N R
1724675130696,A-OTF UD Shin Go Con60 Pr6N U,A-OTF UD新ゴコンデ60 Pr6N U
1724675135555,A-OTF UD Shin Go Con60 Pr6 R,A-OTF UD新ゴコンデ60 Pr6 R
1724675140258,A-OTF UD Shin Go Con60 Pr6 U,A-OTF UD新ゴコンデ60 Pr6 U
1724675144977,A-OTF UD Shin Go NT Pr6 B,A-OTF UD新ゴNT Pr6 B
1724675149743,A-OTF UD Shin Go NT Pr6 DB,A-OTF UD新ゴNT Pr6 DB
1724675154305,A-OTF UD Shin Go NT Pr6 H,A-OTF UD新ゴNT Pr6 H
1724675159665,A-OTF UD Shin Go NT Pr6 L,A-OTF UD新ゴNT Pr6 L
1724675164383,A-OTF UD Shin Go NT Pr6 M,A-OTF UD新ゴNT Pr6 M
1724675170166,A-OTF UD Shin Go NT Pr6N B,A-OTF UD新ゴNT Pr6N B
1724675175180,A-OTF UD Shin Go NT Pr6N DB,A-OTF UD新ゴNT Pr6N DB
1724675180102,A-OTF UD Shin Go NT Pr6N H,A-OTF UD新ゴNT Pr6N H
1724675184776,A-OTF UD Shin Go NT Pr6N L,A-OTF UD新ゴNT Pr6N L
1724675189323,A-OTF UD Shin Go NT Pr6N M,A-OTF UD新ゴNT Pr6N M
1724675193916,A-OTF UD Shin Go NT Pr6N R,A-OTF UD新ゴNT Pr6N R
1724675198666,A-OTF UD Shin Go NT Pr6 R,A-OTF UD新ゴNT Pr6 R
1724675204104,A-OTF UD Shin Go Pr6 B,A-OTF UD新ゴ Pr6 B
1724675208713,A-OTF UD Shin Go Pr6 DB,A-OTF UD新ゴ Pr6 DB
1724675213479,A-OTF UD Shin Go Pr6 H,A-OTF UD新ゴ Pr6 H
1724675218823,A-OTF UD Shin Go Pr6 L,A-OTF UD新ゴ Pr6 L
1724675224838,A-OTF UD Shin Go Pr6 M,A-OTF UD新ゴ Pr6 M
1724675230635,A-OTF UD Shin Go Pr6N B,A-OTF UD新ゴ Pr6N B
1724675235667,A-OTF UD Shin Go Pr6N DB,A-OTF UD新ゴ Pr6N DB
1724675240276,A-OTF UD Shin Go Pr6N H,A-OTF UD新ゴ Pr6N H
1724675245074,A-OTF UD Shin Go Pr6N L,A-OTF UD新ゴ Pr6N L
1724675249793,A-OTF UD Shin Go Pr6N M,A-OTF UD新ゴ Pr6N M
1724675254699,A-OTF UD Shin Go Pr6N R,A-OTF UD新ゴ Pr6N R
1724675259340,A-OTF UD Shin Go Pr6 R,A-OTF UD新ゴ Pr6 R
1724675264465,A-OTF UD Shin Maru Go Pr6 B,A-OTF UD新丸ゴ Pr6 B
1724675269559,A-OTF UD Shin Maru Go Pr6 DB,A-OTF UD新丸ゴ Pr6 DB
1724675274309,A-OTF UD Shin Maru Go Pr6 H,A-OTF UD新丸ゴ Pr6 H
1724675279512,A-OTF UD Shin Maru Go Pr6 L,A-OTF UD新丸ゴ Pr6 L
1724675285028,A-OTF UD Shin Maru Go Pr6 M,A-OTF UD新丸ゴ Pr6 M
1724675290621,A-OTF UD Shin Maru Go Pr6N B,A-OTF UD新丸ゴ Pr6N B
1724675296106,A-OTF UD Shin Maru Go Pr6N DB,A-OTF UD新丸ゴ Pr6N DB
1724675301184,A-OTF UD Shin Maru Go Pr6N H,A-OTF UD新丸ゴ Pr6N H
1724675306389,A-OTF UD Shin Maru Go Pr6N L,A-OTF UD新丸ゴ Pr6N L
1724675311904,A-OTF UD Shin Maru Go Pr6N M,A-OTF UD新丸ゴ Pr6N M
1724675317482,A-OTF UD Shin Maru Go Pr6N R,A-OTF UD新丸ゴ Pr6N R
1724675322311,A-OTF UD Shin Maru Go Pr6 R,A-OTF UD新丸ゴ Pr6 R
1724723904160,A P-OTF A1Gothic Std B,A P-OTF A1ゴシック Std B
1724723909301,A P-OTF A1Gothic Std L,A P-OTF A1ゴシック Std L
1724723913691,A P-OTF A1Gothic Std M,A P-OTF A1ゴシック Std M
1724723918035,A P-OTF A1Gothic StdN B,A P-OTF A1ゴシック StdN B
1724723922660,A P-OTF A1Gothic StdN L,A P-OTF A1ゴシック StdN L
1724723926895,A P-OTF A1Gothic StdN M,A P-OTF A1ゴシック StdN M
1724723933879,A P-OTF A1Gothic StdN R,A P-OTF A1ゴシック StdN R
1724723939254,A P-OTF A1Gothic Std R,A P-OTF A1ゴシック Std R
1724723944770,A P-OTF A1 Mincho StdN B,A P-OTF A1明朝 StdN B
1724723949864,A P-OTF A1 Mincho StdN M,A P-OTF A1明朝 StdN M
1724723955286,A P-OTF A1 Mincho StdN R,A P-OTF A1明朝 StdN R
1724723960207,A P-OTF Akashi StdN L,A P-OTF 明石 StdN L
1724753539129,A P-OTF Aoto Gothic StdN B,A P-OTF あおとゴシック StdN B
1724753543490,A P-OTF Aoto Gothic StdN DB,A P-OTF あおとゴシック StdN DB
1724753547412,A P-OTF Aoto Gothic StdN EB,A P-OTF あおとゴシック StdN EB
1724753551381,A P-OTF Aoto Gothic StdN EL,A P-OTF あおとゴシック StdN EL
1724753555443,A P-OTF Aoto Gothic StdN L,A P-OTF あおとゴシック StdN L
1724753559506,A P-OTF Aoto Gothic StdN M,A P-OTF あおとゴシック StdN M
1724753563865,A P-OTF Aoto Gothic StdN R,A P-OTF あおとゴシック StdN R
1724753567912,A P-OTF Ardeo Min2 H,A P-OTF アルデオ Min2 H
1724753571803,A P-OTF Bolcroid Min2 U,A P-OTF ボルクロイド Min2 U
1724753575959,A P-OTF Chisaki Min2 B,A P-OTF ちさき Min2 B
1724753580647,A P-OTF Chougetsu Min2 R,A P-OTF 澄月 Min2 R
1724753584709,A P-OTF CinemaLetter StdN L,A P-OTF シネマレター StdN L
1724753589944,A P-OTF Folk ProN B,A P-OTF フォーク ProN B
1724753594147,A P-OTF Folk ProN H,A P-OTF フォーク ProN H
1724753599334,A P-OTF Folk ProN M,A P-OTF フォーク ProN M
1724753604070,A P-OTF Folk ProN R,A P-OTF フォーク ProN R
1724753608804,A P-OTF Futo Go B101 Pr6N M,A P-OTF 太ゴB101 Pr6N M
1724753614320,A P-OTF Futo Min A101 Pr6N M,A P-OTF 太ミンA101 Pr6N M
1724753618383,A P-OTF Gekkako Min2 B,A P-OTF 月下香 Min2 B
1724753622242,A P-OTF GenrokuShian StdN M,A P-OTF げんろく志安 StdN M
1724753627617,A P-OTF Gothic BBB Pr6N R,A P-OTF 中ゴシックBBB Pr6N R
1724753633508,A P-OTF Gothic MB101 Pr6N B,A P-OTF ゴシックMB101 Pr6N B
1724753639523,A P-OTF Gothic MB101 Pr6N DB,A P-OTF ゴシックMB101 Pr6N DB
1724753644430,A P-OTF Gothic MB101 Pr6N H,A P-OTF ゴシックMB101 Pr6N H
1724753650445,A P-OTF Gothic MB101 Pr6N L,A P-OTF ゴシックMB101 Pr6N L
1724753655727,A P-OTF Gothic MB101 Pr6N M,A P-OTF ゴシックMB101 Pr6N M
1724753660774,A P-OTF Gothic MB101 Pr6N R,A P-OTF ゴシックMB101 Pr6N R
1724753665384,A P-OTF Gothic MB101 Pr6N U,A P-OTF ゴシックMB101 Pr6N U
1724753669509,A P-OTF Harucraft StdN H,A P-OTF ハルクラフト StdN H
1724753673509,A P-OTF Haruhi Gakuen StdN L,A P-OTF はるひ学園 StdN L
1724753677463,A P-OTF Higemoji StdN U,A P-OTF ひげ文字 StdN U
1724753681634,A P-OTF Ikazuchi StdN B,A P-OTF イカヅチ StdN B
1724753685494,A P-OTF Jomin StdN L,A P-OTF 徐明 StdN L
1724753689869,A P-OTF Jun ProN 34,A P-OTF じゅん ProN 34
1724753693947,A P-OTF Jun ProN 101,A P-OTF じゅん ProN 101
1724753699791,A P-OTF Jun ProN 201,A P-OTF じゅん ProN 201
1724753705713,A P-OTF Jun ProN 501,A P-OTF じゅん ProN 501
1724753710275,A P-OTF Kaimin Sora StdN B,A P-OTF 解ミン 宙 StdN B
1724753714354,A P-OTF Kaimin Sora StdN H,A P-OTF 解ミン 宙 StdN H
1724753718338,A P-OTF Kaimin Sora StdN M,A P-OTF 解ミン 宙 StdN M
1724753722480,A P-OTF Kaimin Sora StdN R,A P-OTF 解ミン 宙 StdN R
1724753726292,A P-OTF Kaimin Tsuki StdN B,A P-OTF 解ミン 月 StdN B
1724753730417,A P-OTF Kaimin Tsuki StdN H,A P-OTF 解ミン 月 StdN H
1724753734511,A P-OTF Kaimin Tsuki StdN M,A P-OTF 解ミン 月 StdN M
1724753738496,A P-OTF Kaimin Tsuki StdN R,A P-OTF 解ミン 月 StdN R
1724753744589,A P-OTF Kaisho MCBK1 ProN B,A P-OTF 楷書MCBK1 ProN B
1724753749246,A P-OTF KakushinGyousho StdN L,A P-OTF 角新行書 StdN L
1724753753699,A P-OTF KakushinGyousho StdN M,A P-OTF 角新行書 StdN M
1724753757683,A P-OTF Kakumin ProN B,A P-OTF カクミン ProN B
1724753761761,A P-OTF Kakumin ProN H,A P-OTF カクミン ProN H
1724753766605,A P-OTF Kakumin ProN M,A P-OTF カクミン ProN M
1724753771324,A P-OTF Kakumin ProN R,A P-OTF カクミン ProN R
1724753775558,A P-OTF Kanteiryu StdN U,A P-OTF 勘亭流 StdN U
1724753780496,A P-OTF Kasumi Seiran Min2 B,A P-OTF 霞青藍 Min2 B
1724753784622,A P-OTF Kasumi Seiran Min2 L,A P-OTF 霞青藍 Min2 L
1724753789294,A P-OTF Kasumi Seiran Min2 M,A P-OTF 霞青藍 Min2 M
1724753793419,A P-OTF Kasumi Seiran Min2 R,A P-OTF 霞青藍 Min2 R
1724753797701,A P-OTF Kasumi ShirafujiMin2 B,A P-OTF 霞白藤 Min2 B
1724753801763,A P-OTF Kasumi ShirafujiMin2 L,A P-OTF 霞白藤 Min2 L
1724753805748,A P-OTF Kasumi ShirafujiMin2 M,A P-OTF 霞白藤 Min2 M
1724753810013,A P-OTF Kasumi ShirafujiMin2 R,A P-OTF 霞白藤 Min2 R
1724753814966,A P-OTF Kensen StdN B,A P-OTF 剣閃 StdN B
1724753819701,A P-OTF Keyaki Go Ost Min2 B,A P-OTF 欅角ゴ Oldstyle Min2 B
1724753824591,A P-OTF Keyaki Go Ost Min2 M,A P-OTF 欅角ゴ Oldstyle Min2 M
1724753829404,A P-OTF Keyaki Min Ost Min2 B,A P-OTF 欅明朝 Oldstyle Min2 B
1724753833576,A P-OTF Keyaki Min Ost Min2 R,A P-OTF 欅明朝 Oldstyle Min2 R
1724753837748,A P-OTF Kocho StdN H,A P-OTF 光朝 StdN H
1724753841779,A P-OTF KokinKyokana StdN R,A P-OTF 小琴京かな StdN R
1724753845813,A P-OTF KokinYukana StdN R,A P-OTF 小琴遊かな StdN R
1724753850078,A P-OTF Kokon Min2 B,A P-OTF ココン Min2 B
1724753854141,A P-OTF Kumoyaji StdN R,A P-OTF くもやじ StdN R
1724753857891,A P-OTF KuretakeMeiseki StdN B,A P-OTF くれたけ銘石 StdN B
1724753862047,A P-OTF Kuromame StdN R,A P-OTF くろまめ StdN R
1724753867235,A P-OTF Kyoukasho ICA ProN L,A P-OTF 教科書ICA ProN L
1724753872297,A P-OTF Kyoukasho ICA ProN M,A P-OTF 教科書ICA ProN M
1724753877329,A P-OTF Kyoukasho ICA ProN R,A P-OTF 教科書ICA ProN R
1724753881422,A P-OTF LapisEdge Min2 B,A P-OTF ラピスエッジ Min2 B
1724753885891,A P-OTF LapisEdge Min2 L,A P-OTF ラピスエッジ Min2 L
1724753890266,A P-OTF LapisEdge Min2 M,A P-OTF ラピスエッジ Min2 M
1724753894516,A P-OTF LapisMelt Min2 B,A P-OTF ラピスメルト Min2 B
1724753899110,A P-OTF LapisMelt Min2 L,A P-OTF ラピスメルト Min2 L
1724753903643,A P-OTF LapisMelt Min2 M,A P-OTF ラピスメルト Min2 M
1724753907674,A P-OTF Likurei StdN R,A P-OTF 陸隷 StdN R
1724753912799,A P-OTF Maru Folk ProN B,A P-OTF 丸フォーク ProN B
1724753918377,A P-OTF Maru Folk ProN H,A P-OTF 丸フォーク ProN H
1724753923268,A P-OTF Maru Folk ProN M,A P-OTF 丸フォーク ProN M
1724753928049,A P-OTF Maru Folk ProN R,A P-OTF 丸フォーク ProN R
1724753934096,A P-OTF Midashi Go MB31 Pr6N B,A P-OTF 見出ゴMB31 Pr6N B
1724753939924,A P-OTF MidashiMi MA31 Pr6N EB,A P-OTF 見出ミンMA31 Pr6N EB
1724753944034,A P-OTF Midashi Min MA1 StdN B,A P-OTF 見出ミンMA1 StdN B
1724753948362,A P-OTF Midashi Go MB1 StdN DB,A P-OTF 見出ゴMB1 StdN DB
1724753952346,A P-OTF Mikaze Min2 EL,A P-OTF 美風 Min2 EL
1724753956628,A P-OTF Moaria StdN B,A P-OTF モアリア StdN B
1724753960940,A P-OTF Moaria StdN R,A P-OTF モアリア StdN R
1724753965192,A P-OTF Nachin StdN R,A P-OTF 那欽 StdN R
1724753969348,A P-OTF Outai Kaisho StdN L,A P-OTF 欧体楷書 StdN L
1724753973879,A P-OTF Penpal StdN M,A P-OTF ぺんぱる StdN M
1724753978332,A P-OTF Potteri Min2 B,A P-OTF ぽってり Min2 B
1724753982895,A P-OTF Potteri Min2 L,A P-OTF ぽってり Min2 L
1724753986911,A P-OTF Potteri Min2 M,A P-OTF ぽってり Min2 M
1724753991160,A P-OTF Potteri Min2 R,A P-OTF ぽってり Min2 R
1724753994926,A P-OTF Pretty Momo StdN B,A P-OTF プリティー桃 StdN B
1724753999161,A P-OTF PuhuHoliday Min2 R,A P-OTF プフ ホリデー Min2 R
1724754003614,A P-OTF Puhu March Min2 DB,A P-OTF プフ マーチ Min2 DB
1724754008192,A P-OTF PuhuPicnic Min2 H,A P-OTF プフ ピクニック Min2 H
1724754012442,A P-OTF Puhu Pokke Min2 M,A P-OTF プフ ポッケ Min2 M
1724754016817,A P-OTF Puhu Soiree Min2 B,A P-OTF プフ ソワレ Min2 B
1724754021051,A P-OTF Puhu Sour Min2 B,A P-OTF プフ サワー Min2 B
1724754026693,A P-OTF Reimin Pr6N B,A P-OTF 黎ミン Pr6N B
1724754032287,A P-OTF Reimin Pr6N EB,A P-OTF 黎ミン Pr6N EB
1724754038553,A P-OTF Reimin Pr6N EH,A P-OTF 黎ミン Pr6N EH
1724754044928,A P-OTF Reimin Pr6N H,A P-OTF 黎ミン Pr6N H
1724754050569,A P-OTF Reimin Pr6N L,A P-OTF 黎ミン Pr6N L
1724754057678,A P-OTF Reimin Pr6N M,A P-OTF 黎ミン Pr6N M
1724754063147,A P-OTF Reimin Pr6N R,A P-OTF 黎ミン Pr6N R
1724754069444,A P-OTF Reimin Pr6N U,A P-OTF 黎ミン Pr6N U
1724777212068,A P-OTF Reimin Y40 Pr6N B,A P-OTF 黎ミンY40 Pr6N B
1724777217131,A P-OTF Reimin Y40 Pr6N EB,A P-OTF 黎ミンY40 Pr6N EB
1724777222037,A P-OTF Reimin Y40 Pr6N EH,A P-OTF 黎ミンY40 Pr6N EH
1724777227256,A P-OTF Reimin Y40 Pr6N H,A P-OTF 黎ミンY40 Pr6N H
1724777231850,A P-OTF Reimin Y40 Pr6N U,A P-OTF 黎ミンY40 Pr6N U
1724777236506,A P-OTF Reimin Y10 Pr6N B,A P-OTF 黎ミンY10 Pr6N B
1724777241303,A P-OTF Reimin Y10 Pr6N EB,A P-OTF 黎ミンY10 Pr6N EB
1724777245898,A P-OTF Reimin Y10 Pr6N EH,A P-OTF 黎ミンY10 Pr6N EH
1724777250679,A P-OTF Reimin Y10 Pr6N H,A P-OTF 黎ミンY10 Pr6N H
1724777255804,A P-OTF Reimin Y10 Pr6N L,A P-OTF 黎ミンY10 Pr6N L
1724777260757,A P-OTF Reimin Y10 Pr6N M,A P-OTF 黎ミンY10 Pr6N M
1724777266086,A P-OTF Reimin Y10 Pr6N R,A P-OTF 黎ミンY10 Pr6N R
1724777270586,A P-OTF Reimin Y10 Pr6N U,A P-OTF 黎ミンY10 Pr6N U
1724777275461,A P-OTF Reimin Y30 Pr6N B,A P-OTF 黎ミンY30 Pr6N B
1724777280226,A P-OTF Reimin Y30 Pr6N EB,A P-OTF 黎ミンY30 Pr6N EB
1724777284523,A P-OTF Reimin Y30 Pr6N EH,A P-OTF 黎ミンY30 Pr6N EH
1724777289133,A P-OTF Reimin Y30 Pr6N H,A P-OTF 黎ミンY30 Pr6N H
1724777294242,A P-OTF Reimin Y30 Pr6N M,A P-OTF 黎ミンY30 Pr6N M
1724777298883,A P-OTF Reimin Y30 Pr6N U,A P-OTF 黎ミンY30 Pr6N U
1724777303448,A P-OTF Reimin Y20 Pr6N B,A P-OTF 黎ミンY20 Pr6N B
1724777308448,A P-OTF Reimin Y20 Pr6N EB,A P-OTF 黎ミンY20 Pr6N EB
1724777312807,A P-OTF Reimin Y20 Pr6N EH,A P-OTF 黎ミンY20 Pr6N EH
1724777317588,A P-OTF Reimin Y20 Pr6N H,A P-OTF 黎ミンY20 Pr6N H
1724777322995,A P-OTF Reimin Y20 Pr6N M,A P-OTF 黎ミンY20 Pr6N M
1724777328698,A P-OTF Reimin Y20 Pr6N R,A P-OTF 黎ミンY20 Pr6N R
1724777333698,A P-OTF Reimin Y20 Pr6N U,A P-OTF 黎ミンY20 Pr6N U
1724777338182,A P-OTF Reisho 101 StdN M,A P-OTF 隷書101 StdN M
1724777342432,A P-OTF Reisho E1 StdN R,A P-OTF 隷書E1 StdN R
1724777347761,A P-OTF Ryumin Pr6N B-KL,A P-OTF リュウミン Pr6N B-KL
1724777352933,A P-OTF Ryumin Pr6N EB-KL,A P-OTF リュウミン Pr6N EB-KL
1724777358261,A P-OTF Ryumin Pr6N EH-KL,A P-OTF リュウミン Pr6N EH-KL
1724777364075,A P-OTF Ryumin Pr6N H-KL,A P-OTF リュウミン Pr6N H-KL
1724777369215,A P-OTF Ryumin Pr6N L-KL,A P-OTF リュウミン Pr6N L-KL
1724777374122,A P-OTF Ryumin Pr6N M-KL,A P-OTF リュウミン Pr6N M-KL
1724777379325,A P-OTF Ryumin Pr6N U-KL,A P-OTF リュウミン Pr6N U-KL
1724777384231,A P-OTF Sei Kaisho CB1 Pr5N R,A P-OTF 正楷書CB1 Pr5N R
1724777388340,A P-OTF Shimanami StdN R,A P-OTF しまなみ StdN R
1724777392309,A P-OTF Shimanami Std R,A P-OTF しまなみ Std R
1724777396653,A P-OTF Shin Go Min Emboss,A P-OTF 新ゴ Min エンボス
1724777400528,A P-OTF Shin Go Min Futoline,A P-OTF 新ゴ Min 太ライン
1724777404778,A P-OTF Shin Go Min Line,A P-OTF 新ゴ Min ライン
1724777409450,A P-OTF Shin Go Min Shadow,A P-OTF 新ゴ Min シャドウ
1724777414075,A P-OTF Shin Go Pr6N B,A P-OTF 新ゴ Pr6N B
1724777418872,A P-OTF Shin Go Pr6N DB,A P-OTF 新ゴ Pr6N DB
1724777423781,A P-OTF Shin Go Pr6N EL,A P-OTF 新ゴ Pr6N EL
1724777428765,A P-OTF Shin Go Pr6N H,A P-OTF 新ゴ Pr6N H
1724777433593,A P-OTF Shin Go Pr6N L,A P-OTF 新ゴ Pr6N L
1724777439234,A P-OTF Shin Go Pr6N M,A P-OTF 新ゴ Pr6N M
1724777444968,A P-OTF Shin Go Pr6N R,A P-OTF 新ゴ Pr6N R
1724777449703,A P-OTF Shin Go Pr6N U,A P-OTF 新ゴ Pr6N U
1724777454046,A P-OTF ShinMGo Min Emboss,A P-OTF 新丸ゴ Min エンボス
1724777458390,A P-OTF ShinMGo Min Futoline,A P-OTF 新丸ゴ Min 太ライン
1724777462281,A P-OTF ShinMGo Min Line,A P-OTF 新丸ゴ Min ライン
1724777466797,A P-OTF ShinMGo Min Shadow,A P-OTF 新丸ゴ Min シャドウ
1724777472125,A P-OTF Shin Maru Go Pr6N B,A P-OTF 新丸ゴ Pr6N B
1724777476640,A P-OTF Shin Maru Go Pr6N DB,A P-OTF 新丸ゴ Pr6N DB
1724777481187,A P-OTF Shin Maru Go Pr6N H,A P-OTF 新丸ゴ Pr6N H
1724777485970,A P-OTF Shin Maru Go Pr6N L,A P-OTF 新丸ゴ Pr6N L
1724777490626,A P-OTF Shin Maru Go Pr6N M,A P-OTF 新丸ゴ Pr6N M
1724777495126,A P-OTF Shin Maru Go Pr6N R,A P-OTF 新丸ゴ Pr6N R
1724777500486,A P-OTF Shin Maru Go Pr6N U,A P-OTF 新丸ゴ Pr6N U
1724777506330,A P-OTF ShinseiKaiCBSK1 Pr5N R,A P-OTF 新正楷書CBSK1 Pr5N R
1724777510783,A P-OTF Shirotae Old StdN L,A P-OTF 白妙 オールド StdN L
1724777514736,A P-OTF Shirotae Old StdN M,A P-OTF 白妙 オールド StdN M
1724777519033,A P-OTF Shirotae StdN L,A P-OTF 白妙 StdN L
1724777523627,A P-OTF Shirotae StdN M,A P-OTF 白妙 StdN M
1724777528439,A P-OTF Soft Gothic StdN B,A P-OTF ソフトゴシック StdN B
1724777532658,A P-OTF Soft Gothic StdN DB,A P-OTF ソフトゴシック StdN DB
1724777536861,A P-OTF Soft Gothic StdN H,A P-OTF ソフトゴシック StdN H
1724777540845,A P-OTF Soft Gothic StdN L,A P-OTF ソフトゴシック StdN L
1724777545522,A P-OTF Soft Gothic StdN M,A P-OTF ソフトゴシック StdN M
1724777549757,A P-OTF Soft Gothic StdN R,A P-OTF ソフトゴシック StdN R
1724777553757,A P-OTF Soft Gothic StdN U,A P-OTF ソフトゴシック StdN U
1724777557741,A P-OTF SuiryuAtlas StdN B,A P-OTF 翠流アトラス StdN B
1724777561772,A P-OTF SuiryuAtlas StdN M,A P-OTF 翠流アトラス StdN M
1724777565866,A P-OTF SuiryuAtlas StdN R,A P-OTF 翠流アトラス StdN R
1724777569788,A P-OTF SuiryuDecoroman StdN U,A P-OTF 翠流デコロマン StdN U
1724777574179,A P-OTF SuiryuNeoroman StdN U,A P-OTF 翠流ネオロマン StdN U
1724777578523,A P-OTF Suzumushi StdN M,A P-OTF すずむし StdN M
1724777583898,A P-OTF Takafuta Min2 B,A P-OTF タカ風太 Min2 B
1724777588460,A P-OTF Takamodern Min M,A P-OTF タカモダン Min M
1724777592398,A P-OTF Take StdN B,A P-OTF 竹 StdN B
1724777596335,A P-OTF Take StdN H,A P-OTF 竹 StdN H
1724777600132,A P-OTF Take StdN L,A P-OTF 竹 StdN L
1724777604446,A P-OTF Take StdN M,A P-OTF 竹 StdN M
1724777608837,A P-OTF Tsubuten Min2 H,A P-OTF つぶてん Min2 H
1724777613040,A P-OTF Tunnel Min Tightline,A P-OTF トンネル Min 細線
1724777617384,A P-OTF Tunnel Min Wideline,A P-OTF トンネル Min 太線
1724777622712,A P-OTF Ryumin Pr6N R-KL,A P-OTF リュウミン Pr6N R-KL
1724840003582,A P-OTF Talking StdN R,A P-OTF トーキング StdN R
1724840007972,A P-OTF UD Reimin Pr6N B,A P-OTF UD黎ミン Pr6N B
1724840012426,A P-OTF UD Reimin Pr6N EB,A P-OTF UD黎ミン Pr6N EB
1724840017285,A P-OTF UD Reimin Pr6N H,A P-OTF UD黎ミン Pr6N H
1724840022676,A P-OTF UD Reimin Pr6N L,A P-OTF UD黎ミン Pr6N L
1724840027910,A P-OTF UD Reimin Pr6N M,A P-OTF UD黎ミン Pr6N M
1724840034676,A P-OTF UD Reimin Pr6N R,A P-OTF UD黎ミン Pr6N R
1724840041035,A P-OTF UD ShinGoCon80 Pr6N B,A P-OTF UD新ゴコンデ80 Pr6N B
1724840046223,A P-OTF UD ShinGoCon80 Pr6N DB,A P-OTF UD新ゴコンデ80 Pr6N DB
1724840051927,A P-OTF UD ShinGoCon80 Pr6N EL,A P-OTF UD新ゴコンデ80 Pr6N EL
1724840057082,A P-OTF UD ShinGoCon80 Pr6N H,A P-OTF UD新ゴコンデ80 Pr6N H
1724840062879,A P-OTF UD ShinGoCon80 Pr6N L,A P-OTF UD新ゴコンデ80 Pr6N L
1724840068474,A P-OTF UD ShinGoCon80 Pr6N M,A P-OTF UD新ゴコンデ80 Pr6N M
1724840073693,A P-OTF UD ShinGoCon80 Pr6N R,A P-OTF UD新ゴコンデ80 Pr6N R
1724840079162,A P-OTF UD ShinGoCon80 Pr6N U,A P-OTF UD新ゴコンデ80 Pr6N U
1724840084724,A P-OTF UD ShinGoCon50 Pr6N B,A P-OTF UD新ゴコンデ50 Pr6N B
1724840089490,A P-OTF UD ShinGoCon50 Pr6N DB,A P-OTF UD新ゴコンデ50 Pr6N DB
1724840094818,A P-OTF UD ShinGoCon50 Pr6N EL,A P-OTF UD新ゴコンデ50 Pr6N EL
1724840100225,A P-OTF UD ShinGoCon50 Pr6N H,A P-OTF UD新ゴコンデ50 Pr6N H
1724840106350,A P-OTF UD ShinGoCon50 Pr6N L,A P-OTF UD新ゴコンデ50 Pr6N L
1724840112397,A P-OTF UD ShinGoCon50 Pr6N M,A P-OTF UD新ゴコンデ50 Pr6N M
1724840117569,A P-OTF UD ShinGoCon50 Pr6N R,A P-OTF UD新ゴコンデ50 Pr6N R
1724840123037,A P-OTF UD ShinGoCon50 Pr6N U,A P-OTF UD新ゴコンデ50 Pr6N U
1724840128476,A P-OTF UD ShinGoCon90 Pr6N B,A P-OTF UD新ゴコンデ90 Pr6N B
1724840134273,A P-OTF UD ShinGoCon90 Pr6N DB,A P-OTF UD新ゴコンデ90 Pr6N DB
1724840140086,A P-OTF UD ShinGoCon90 Pr6N EL,A P-OTF UD新ゴコンデ90 Pr6N EL
1724840145304,A P-OTF UD ShinGoCon90 Pr6N H,A P-OTF UD新ゴコンデ90 Pr6N H
1724840150414,A P-OTF UD ShinGoCon90 Pr6N L,A P-OTF UD新ゴコンデ90 Pr6N L
1724840155820,A P-OTF UD ShinGoCon90 Pr6N M,A P-OTF UD新ゴコンデ90 Pr6N M
1724840160633,A P-OTF UD ShinGoCon90 Pr6N R,A P-OTF UD新ゴコンデ90 Pr6N R
1724840166289,A P-OTF UD ShinGoCon90 Pr6N U,A P-OTF UD新ゴコンデ90 Pr6N U
1724840171617,A P-OTF UD ShinGoCon70 Pr6N B,A P-OTF UD新ゴコンデ70 Pr6N B
1724840177742,A P-OTF UD ShinGoCon70 Pr6N DB,A P-OTF UD新ゴコンデ70 Pr6N DB
1724840182836,A P-OTF UD ShinGoCon70 Pr6N EL,A P-OTF UD新ゴコンデ70 Pr6N EL
1724840187775,A P-OTF UD ShinGoCon70 Pr6N H,A P-OTF UD新ゴコンデ70 Pr6N H
1724840193541,A P-OTF UD ShinGoCon70 Pr6N L,A P-OTF UD新ゴコンデ70 Pr6N L
1724840198947,A P-OTF UD ShinGoCon70 Pr6N M,A P-OTF UD新ゴコンデ70 Pr6N M
1724840204666,A P-OTF UD ShinGoCon70 Pr6N R,A P-OTF UD新ゴコンデ70 Pr6N R
1724840210619,A P-OTF UD ShinGoCon70 Pr6N U,A P-OTF UD新ゴコンデ70 Pr6N U
1724840216604,A P-OTF UD ShinGoCon60 Pr6N B,A P-OTF UD新ゴコンデ60 Pr6N B
1724840221947,A P-OTF UD ShinGoCon60 Pr6N DB,A P-OTF UD新ゴコンデ60 Pr6N DB
1724840228197,A P-OTF UD ShinGoCon60 Pr6N EL,A P-OTF UD新ゴコンデ60 Pr6N EL
1724840233479,A P-OTF UD ShinGoCon60 Pr6N H,A P-OTF UD新ゴコンデ60 Pr6N H
1724840238869,A P-OTF UD ShinGoCon60 Pr6N L,A P-OTF UD新ゴコンデ60 Pr6N L
1724840243918,A P-OTF UD ShinGoCon60 Pr6N M,A P-OTF UD新ゴコンデ60 Pr6N M
1724840249511,A P-OTF UD ShinGoCon60 Pr6N R,A P-OTF UD新ゴコンデ60 Pr6N R
1724840255325,A P-OTF UD ShinGoCon60 Pr6N U,A P-OTF UD新ゴコンデ60 Pr6N U
1724840260558,A P-OTF UD Shin Go NT Pr6N B,A P-OTF UD新ゴNT Pr6N B
1724840266027,A P-OTF UD Shin Go NT Pr6N DB,A P-OTF UD新ゴNT Pr6N DB
1724840271559,A P-OTF UD Shin Go NT Pr6N EL,A P-OTF UD新ゴNT Pr6N EL
1724840277043,A P-OTF UD Shin Go NT Pr6N H,A P-OTF UD新ゴNT Pr6N H
1724840282309,A P-OTF UD Shin Go NT Pr6N L,A P-OTF UD新ゴNT Pr6N L
1724840287387,A P-OTF UD Shin Go NT Pr6N M,A P-OTF UD新ゴNT Pr6N M
1724840292824,A P-OTF UD Shin Go NT Pr6N R,A P-OTF UD新ゴNT Pr6N R
1724840298043,A P-OTF UD Shin Go NT Pr6N U,A P-OTF UD新ゴNT Pr6N U
1724840303795,A P-OTF UD Shin Go Pr6N B,A P-OTF UD新ゴ Pr6N B
1724840309920,A P-OTF UD Shin Go Pr6N DB,A P-OTF UD新ゴ Pr6N DB
1724840315826,A P-OTF UD Shin Go Pr6N EL,A P-OTF UD新ゴ Pr6N EL
1724840321810,A P-OTF UD Shin Go Pr6N H,A P-OTF UD新ゴ Pr6N H
1724840327107,A P-OTF UD Shin Go Pr6N L,A P-OTF UD新ゴ Pr6N L
1724840332076,A P-OTF UD Shin Go Pr6N M,A P-OTF UD新ゴ Pr6N M
1724840338514,A P-OTF UD Shin Go Pr6N R,A P-OTF UD新ゴ Pr6N R
1724840344326,A P-OTF UD Shin Go Pr6N U,A P-OTF UD新ゴ Pr6N U
1724840350045,A P-OTF UD ShinMaruGo Pr6N B,A P-OTF UD新丸ゴ Pr6N B
1724840355920,A P-OTF UD ShinMaruGo Pr6N DB,A P-OTF UD新丸ゴ Pr6N DB
1724840361905,A P-OTF UD ShinMaruGo Pr6N H,A P-OTF UD新丸ゴ Pr6N H
1724840366875,A P-OTF UD ShinMaruGo Pr6N L,A P-OTF UD新丸ゴ Pr6N L
1724840371625,A P-OTF UD ShinMaruGo Pr6N M,A P-OTF UD新丸ゴ Pr6N M
1724840376672,A P-OTF UD ShinMaruGo Pr6N R,A P-OTF UD新丸ゴ Pr6N R
1724840381484,G-OTF Jo Futo Go B101 ProN Bold,G-OTF 常改太ゴB101 ProN Bold
1724840386109,G-OTF Jo Gothic BBB ProN M,G-OTF 常改中ゴシックBBB ProN M
1724840391234,G-OTF Jo Jun ProN 34,G-OTF 常改じゅん ProN 34
1724840395672,G-OTF Jo Jun ProN 501,G-OTF 常改じゅん ProN 501
1724840400250,G-OTF Jo Kyoukasho ICA ProN L,G-OTF 常改教科書ICA ProN L
1724840405547,G-OTF Jo Kyoukasho ICA ProN M,G-OTF 常改教科書ICA ProN M
1724840410344,G-OTF Jo Kyoukasho ICA ProN R,G-OTF 常改教科書ICA ProN R
1724840415531,G-OTF Jo Ryumin ProN B-KL,G-OTF 常改リュウミン ProN B-KL
1724840420516,G-OTF Jo Ryumin ProN L-KL,G-OTF 常改リュウミン ProN L-KL
1724840425083,G-OTF Jo Ryumin ProN M-KL,G-OTF 常改リュウミン ProN M-KL
1724840430189,G-OTF Jo Ryumin ProN R-KL,G-OTF 常改リュウミン ProN R-KL
1724840434408,G-OTF Jo Shin Go ProN B,G-OTF 常改新ゴ ProN B
1724840438814,G-OTF Jo Shin Go ProN DB,G-OTF 常改新ゴ ProN DB
1724840443111,G-OTF Jo Shin Go ProN L,G-OTF 常改新ゴ ProN L
1724840447361,G-OTF Jo Shin Go ProN M,G-OTF 常改新ゴ ProN M
1724840451814,G-OTF Jo Shin Go ProN R,G-OTF 常改新ゴ ProN R
1724840457049,G-OTF Jo Shin Maru Go ProN B,G-OTF 常改新丸ゴ ProN B
1724840461971,G-OTF Jo Shin Maru Go ProN DB,G-OTF 常改新丸ゴ ProN DB
1724840466330,G-OTF Jo Shin Maru Go ProN L,G-OTF 常改新丸ゴ ProN L
1724840471096,G-OTF Jo Shin Maru Go ProN M,G-OTF 常改新丸ゴ ProN M
1724840475549,G-OTF Jo Shin Maru Go ProN R,G-OTF 常改新丸ゴ ProN R
1724840480174,MO UDShinGo Hangul Ko2 B,MO UD新ゴ ハングル Ko2 B
1724840484239,MO UDShinGo Hangul Ko2 DB,MO UD新ゴ ハングル Ko2 DB
1724840488473,MO UDShinGo Hangul Ko2 EL,MO UD新ゴ ハングル Ko2 EL
1724840492676,MO UDShinGo Hangul Ko2 H,MO UD新ゴ ハングル Ko2 H
1724840497192,MO UDShinGo Hangul Ko2 L,MO UD新ゴ ハングル Ko2 L
1724840501505,MO UDShinGo Hangul Ko2 M,MO UD新ゴ ハングル Ko2 M
1724840505630,MO UDShinGo Hangul Ko2 R,MO UD新ゴ ハングル Ko2 R
1724840509817,MO UDShinGo Hangul Ko2 U,MO UD新ゴ ハングル Ko2 U
1724840513989,Ro Brush Std U,RoぶらっしゅStd-U
1724840518007,Ro GSan Serif Std B,RoG2サンセリフStd-B
1724840522161,Ro GSan Serif StdN B,RoG2サンセリフStdN-B
1724840526099,Ro GSan Serif StdN U,RoG2サンセリフStdN-U
1724840529895,Ro GSan Serif Std U,RoG2サンセリフStd-U
1724840534817,Ro Hon Mincho Pr5 Book,Ro本明朝Pr5-Book
1724840540552,Ro Hon Mincho Pr5N Book,Ro本明朝Pr5N-Book
1724840559041,Ro Hon Mincho Std U,Ro本明朝Std-U
1724840563338,Ro Hon Mincho Std E,Ro本明朝Std-E2
1724840568167,Ro Hon MinKok Pr5 Book,Ro本明朝小がなPr5-Book
1724840573323,Ro Hon MinKok Pr5N Book,Ro本明朝小がなPr5N-Book
1724840577995,Ro Hon MinKok Pro L,Ro本明朝小がなPro-L
1724840583213,Ro Hon MinKok Pro M,Ro本明朝小がなPro-M
1724840588901,Ro Hon MinSink Pr5 Book,Ro本明朝新がなPr5-Book
1724840595276,Ro Hon MinSink Pr5N Book,Ro本明朝新がなPr5N-Book
1724840600651,Ro Hon MinSink Pro L,Ro本明朝新がなPro-L
1724840604465,Ro Hon MinSink Std U,Ro本明朝新がなStd-U
1724840608434,Ro Hon MinSink Std E,Ro本明朝新がなStd-E2
1724840613637,Ro Hon MinSKok Pr5 Book,Ro本明朝新小がなPr5-Book
1724840619606,Ro Hon MinSKok Pr5N Book,Ro本明朝新小がなPr5N-Book
1724840624465,Ro Hon MinSKok Pro L,Ro本明朝新小がなPro-L
1724840629590,Ro Hon MinSKok Pro M,Ro本明朝新小がなPro-M
1724840633965,Ro Nikkatsu Sei Kai Std L,Ro日活正楷書体Std-L
1724840638340,Ro NOW Std GB,RoナウStd-GB
1724840642606,Ro NOW Std GE,RoナウStd-GE
1724840647059,Ro NOW Std GM,RoナウStd-GM
1724840651606,Ro NOW Std GU,RoナウStd-GU
1724840655731,Ro NOW Std MB,RoナウStd-MB
1724840659872,Ro NOW Std ME,RoナウStd-ME
1724840664186,Ro NOW Std MM,RoナウStd-MM
1724840668201,Ro NOW Std MU,RoナウStd-MU
1724840672404,Ro Shino Std B,Ro篠Std-B
1724840676467,Ro Shino Std M,Ro篠Std-M
1724840680967,TBEcho Std B,TBエコー Std B
1724840684936,TBEcho Std L,TBエコー Std L
1724840689030,TBEcho Std R,TBエコー Std R
1724840693061,TBOrb Std R,TBオーブ Std R
1724840697561,TBOz Min2 B,TBオズ Min2 B
1724840702014,TBRedAlice Min2 B,TB赤のアリス Min2 B
1724840706280,TBUDGothic Std B,TBUDゴシック Std B
1724840710202,TBUDGothic Std E,TBUDゴシック Std E
1724840714186,TBUDGothic Std H,TBUDゴシック Std H
1724840718577,TBUDGothic Std R,TBUDゴシック Std R
1724840722577,TBUDGothic Std SL,TBUDゴシック Std SL
1724840726641,TBUDMincho Std H,TBUD明朝 Std H
1724840730469,TBUDMincho Std M,TBUD明朝 Std M
1724840734703,TBUDRGothic Std B,TBUD丸ゴシック Std B
1724840738625,TBUDRGothic Std H,TBUD丸ゴシック Std H
1724840742828,TBUDRGothic Std R,TBUD丸ゴシック Std R
1724840746875,TBUDRGothic Std SL,TBUD丸ゴシック Std SL
1724840751250,TBWhiteAlice Min2 B,TB白のアリス Min2 B
1724840755813,Ro Kointai Std M,RoTB古印体Std-M
1724840760250,UDDigiKyokasho Std B,UDデジタル教科書体 Std B
1724840764375,UDDigiKyokasho Std H,UDデジタル教科書体 Std H
1724840768766,UDDigiKyokasho Std M,UDデジタル教科書体 Std M
1724840773063,UDDigiKyokasho StdN B,UDデジタル教科書体 StdN B
1724840777048,UDDigiKyokasho StdN H,UDデジタル教科書体 StdN H
1724840781250,UDDigiKyokasho StdN M,UDデジタル教科書体 StdN M
1724840785487,UDDigiKyokasho StdN R,UDデジタル教科書体 StdN R
1724840789659,UDDigiKyokasho Std R,UDデジタル教科書体 Std R
1724840794003,UD Reimin Hangul B,UD黎ミン ハングル B
1724840798206,UD Reimin Hangul EB,UD黎ミン ハングル EB
1724840802753,UD Reimin Hangul H,UD黎ミン ハングル H
1724840807628,UD Reimin Hangul L,UD黎ミン ハングル L
1724840811738,UD Reimin Hangul M,UD黎ミン ハングル M
1724840816035,UD Reimin Hangul R,UD黎ミン ハングル R
1724840820269,UD Reimin SC Gb4 B,森泽UD黎明体 Gb4 B
1724840824691,UD Reimin SC Gb4 EB,森泽UD黎明体 Gb4 EB
1724840829738,UD Reimin SC Gb4 H,森泽UD黎明体 Gb4 H
1724840834675,UD Reimin SC Gb4 L,森泽UD黎明体 Gb4 L
1724840839035,UD Reimin SC Gb4 M,森泽UD黎明体 Gb4 M
1724840843411,UD Reimin SC Gb4 R,森泽UD黎明体 Gb4 R
1724840847990,UD Reimin TC B5HK B,森澤UD黎明體 B5HK B
1724840852255,UD Reimin TC B5HK EB,森澤UD黎明體 B5HK EB
1724840856505,UD Reimin TC B5HK H,森澤UD黎明體 B5HK H
1724840860537,UD Reimin TC B5HK L,森澤UD黎明體 B5HK L
1724840864380,UD Reimin TC B5HK M,森澤UD黎明體 B5HK M
1724840868505,UD Reimin TC B5HK R,森澤UD黎明體 B5HK R
1724840872802,UD ShinGo Std TC B,森澤UD新黑 標準繁體 B
1724840876802,UD ShinGo Std TC DB,森澤UD新黑 標準繁體 DB
1724840881052,UD ShinGo Std TC M,森澤UD新黑 標準繁體 M
1724840884974,UD ShinGo Std TC R,森澤UD新黑 標準繁體 R
1724840889599,UDTypos58 Std R,UDタイポス58 Std R
1724840893740,UDTypos510 Std R,UDタイポス510 Std R
1724840897756,UDTypos512 Std R,UDタイポス512 Std R
1724840901662,UDTypos515 Std R,UDタイポス515 Std R
1724840906181,Ro Hon Mincho Pro L,Ro本明朝Pro-L
1724840910509,Ro Hon Mincho Pro M,Ro本明朝Pro-M
1724840914290,Ro Hon Mincho Std B,Ro本明朝Std-B2
1724840926634,Ro Hon MinSink Pro M,Ro本明朝新がなPro-M
1724840930697,Ro Hon MinSink Std B,Ro本明朝新がなStd-B2
1724918451065,A P-OTF Antique AN+ ProN B,A P-OTF アンチックAN+ ProN B
1724918483253,A P-OTF Antique AN+ ProN DB,A P-OTF アンチックAN+ ProN DB
1724918487895,A P-OTF Antique AN+ ProN H,A P-OTF アンチックAN+ ProN H
1724918492520,A P-OTF Antique AN+ ProN L,A P-OTF アンチックAN+ ProN L
1724918497661,A P-OTF Antique AN+ ProN M,A P-OTF アンチックAN+ ProN M
1724918502942,A P-OTF Antique AN+ ProN R,A P-OTF アンチックAN+ ProN R
1724918507989,A P-OTF Antique AN+ ProN U,A P-OTF アンチックAN+ ProN U
1724918513021,A P-OTF Antique AN1+ ProN M,A P-OTF アンチックAN1+ ProN M
1724918517771,A P-OTF Antique AN2+ ProN B,A P-OTF アンチックAN2+ ProN B
1724918522599,A P-OTF Antique AN3+ ProN R,A P-OTF アンチックAN3+ ProN R
1724918528287,A P-OTF Antique AN4+ ProN B,A P-OTF アンチックAN4+ ProN B
1724918533411,A P-OTF Gothic MB101KS+ ProN L,A P-OTF ゴシックMB101KS+ProN L
1724918539239,A P-OTF Gothic MB101KS+ ProN M,A P-OTF ゴシックMB101KS+ProN M
1724918544116,A P-OTF Gothic MB101KS+ ProN R,A P-OTF ゴシックMB101KS+ProN R
1724918549257,A P-OTF HappyN+ ProN B,A P-OTF ハッピーN+ ProN B
1724918554772,A P-OTF HappyN+ ProN DB,A P-OTF ハッピーN+ ProN DB
1724918562163,A P-OTF HappyN+ ProN H,A P-OTF ハッピーN+ ProN H
1724918568835,A P-OTF HappyN+ ProN L,A P-OTF ハッピーN+ ProN L
1724918574663,A P-OTF HappyN+ ProN M,A P-OTF ハッピーN+ ProN M
1724918579929,A P-OTF HappyN+ ProN R,A P-OTF ハッピーN+ ProN R
1724918585007,A P-OTF HappyN+ ProN U,A P-OTF ハッピーN+ ProN U
1724918590930,A P-OTF Honami+ ProN B,A P-OTF ほなみ+ ProN B
1724918596741,A P-OTF Honami+ ProN EB,A P-OTF ほなみ+ ProN EB
1724918602429,A P-OTF Honami+ ProN EH,A P-OTF ほなみ+ ProN EH
1724918608370,A P-OTF Honami+ ProN H,A P-OTF ほなみ+ ProN H
1724918613714,A P-OTF Honami+ ProN L,A P-OTF ほなみ+ ProN L
1724918620464,A P-OTF Honami+ ProN M,A P-OTF ほなみ+ ProN M
1724918626308,A P-OTF Honami+ ProN R,A P-OTF ほなみ+ ProN R
1724918632542,A P-OTF Honami+ ProN U,A P-OTF ほなみ+ ProN U
1724918639246,A P-OTF Lalapop+ ProN B,A P-OTF ららぽっぷ+ ProN B
1724918644746,A P-OTF Lalapop+ ProN DB,A P-OTF ららぽっぷ+ ProN DB
1724918651246,A P-OTF Lalapop+ ProN H,A P-OTF ららぽっぷ+ ProN H
1724918656871,A P-OTF Lalapop+ ProN L,A P-OTF ららぽっぷ+ ProN L
1724918662652,A P-OTF Lalapop+ ProN M,A P-OTF ららぽっぷ+ ProN M
1724918668529,A P-OTF Lalapop+ ProN R,A P-OTF ららぽっぷ+ ProN R
1724918673622,A P-OTF Lalapop+ ProN U,A P-OTF ららぽっぷ+ ProN U
1724918679747,A P-OTF Maru Antique+ ProN B,A P-OTF 丸アンチック+ ProN B
1724918685404,A P-OTF Maru Antique+ ProN DB,A P-OTF 丸アンチック+ ProN DB
1724918691279,A P-OTF Maru Antique+ ProN H,A P-OTF 丸アンチック+ ProN H
1724918697993,A P-OTF Maru Antique+ ProN L,A P-OTF 丸アンチック+ ProN L
1724918706852,A P-OTF Maru Antique+ ProN M,A P-OTF 丸アンチック+ ProN M
1724918712446,A P-OTF Maru Antique+ ProN R,A P-OTF 丸アンチック+ ProN R
1724918718618,A P-OTF Maru Antique+ ProN U,A P-OTF 丸アンチック+ ProN U
1724918724384,A P-OTF Maru Today+ ProN B,A P-OTF 丸ツデイ+ ProN B
1724918730384,A P-OTF Maru Today+ ProN DB,A P-OTF 丸ツデイ+ ProN DB
1724918735587,A P-OTF Maru Today+ ProN H,A P-OTF 丸ツデイ+ ProN H
1724918740915,A P-OTF Maru Today+ ProN L,A P-OTF 丸ツデイ+ ProN L
1724918746727,A P-OTF Maru Today+ ProN M,A P-OTF 丸ツデイ+ ProN M
1724918752493,A P-OTF Maru Today+ ProN R,A P-OTF 丸ツデイ+ ProN R
1724918757884,A P-OTF Maru Today+ ProN U,A P-OTF 丸ツデイ+ ProN U
1724918765948,A P-OTF NeotodayKL+ ProN B,A P-OTF ネオツデイKL+ ProN B
1724918773057,A P-OTF NeotodayKL+ ProN DB,A P-OTF ネオツデイKL+ ProN DB
1724918779901,A P-OTF NeotodayKL+ ProN EL,A P-OTF ネオツデイKL+ ProN EL
1724918789028,A P-OTF NeotodayKL+ ProN H,A P-OTF ネオツデイKL+ ProN H
1724918796231,A P-OTF NeotodayKL+ ProN L,A P-OTF ネオツデイKL+ ProN L
1724918803137,A P-OTF NeotodayKL+ ProN M,A P-OTF ネオツデイKL+ ProN M
1724918811075,A P-OTF NeotodayKL+ ProN R,A P-OTF ネオツデイKL+ ProN R
1724918822215,A P-OTF NeotodayKL+ ProN U,A P-OTF ネオツデイKL+ ProN U
1724918828465,A P-OTF NeotodayKS+ ProN B,A P-OTF ネオツデイKS+ ProN B
1724918840356,A P-OTF NeotodayKS+ ProN DB,A P-OTF ネオツデイKS+ ProN DB
1724918845936,A P-OTF NeotodayKS+ ProN EL,A P-OTF ネオツデイKS+ ProN EL
1724918852248,A P-OTF NeotodayKS+ ProN H,A P-OTF ネオツデイKS+ ProN H
1724918857498,A P-OTF NeotodayKS+ ProN L,A P-OTF ネオツデイKS+ ProN L
1724918863139,A P-OTF NeotodayKS+ ProN M,A P-OTF ネオツデイKS+ ProN M
1724918868374,A P-OTF NeotodayKS+ ProN R,A P-OTF ネオツデイKS+ ProN R
1724918874952,A P-OTF NeotodayKS+ ProN U,A P-OTF ネオツデイKS+ ProN U
1724918880764,A P-OTF Outai Fujikana+ StdN L,A P-OTF 欧体藤かな+ StdN L
1724918886796,A P-OTF RyuminKO+ ProN B,A P-OTF リュウミンKO+ ProN B
1724918893217,A P-OTF RyuminKO+ ProN EB,A P-OTF リュウミンKO+ ProN EB
1724918900030,A P-OTF RyuminKO+ ProN EH,A P-OTF リュウミンKO+ ProN EH
1724918905860,A P-OTF RyuminKO+ ProN H,A P-OTF リュウミンKO+ ProN H
1724918912391,A P-OTF RyuminKO+ ProN L,A P-OTF リュウミンKO+ ProN L
1724918919828,A P-OTF RyuminKO+ ProN M,A P-OTF リュウミンKO+ ProN M
1724918925844,A P-OTF RyuminKO+ ProN R,A P-OTF リュウミンKO+ ProN R
1724918932172,A P-OTF RyuminKO+ ProN U,A P-OTF リュウミンKO+ ProN U
1724918937938,A P-OTF RyuminKS+ ProN B,A P-OTF リュウミンKS+ ProN B
1724918943907,A P-OTF RyuminKS+ ProN EB,A P-OTF リュウミンKS+ ProN EB
1724918949719,A P-OTF RyuminKS+ ProN EH,A P-OTF リュウミンKS+ ProN EH
1724918955516,A P-OTF RyuminKS+ ProN H,A P-OTF リュウミンKS+ ProN H
1724918961016,A P-OTF RyuminKS+ ProN L,A P-OTF リュウミンKS+ ProN L
1724918967565,A P-OTF RyuminKS+ ProN M,A P-OTF リュウミンKS+ ProN M
1724918973440,A P-OTF RyuminKS+ ProN R,A P-OTF リュウミンKS+ ProN R
1724918979424,A P-OTF RyuminKS+ ProN U,A P-OTF リュウミンKS+ ProN U
1724921058605,A-OTF Outai Kaisho Std Light,A-OTF 欧体楷書 Std Light
1724923924090,MO UDShinGo SC Gb4 B,森泽UD新黑 Gb4 B
1724923991974,MO UDShinGo SC Gb4 DB,森泽UD新黑 Gb4 DB
1724923996959,MO UDShinGo SC Gb4 M,森泽UD新黑 Gb4 M
1724924001428,MO UDShinGo SC Gb4 R,森泽UD新黑 Gb4 R
1725264560476,A-OTF Likurei Std,A-OTF 陸隷 Std Regular
1725264564585,A-OTF Nachin Std,A-OTF 那欽 Std Regular
1725264568649,A-OTF Reisho E1 Std,A-OTF 隷書E1 Std Regular
1725264572884,A-OTF Shinsei Kaisho CBSK1 Pr5 CBSK1,A-OTF 新正楷書CBSK1 Pr5 CBSK1
1730442310837,AR Chris Black,AR Chris Black
1730452740396,AR FlyingEavesGB DB,文鼎凤檐体_D
1730452746662,AR HuaLiZuinn EH,文鼎花栗體注音EH
1730452752045,AR OceanDadZuinn EH,文鼎大海爸爸體注音EH
1734431234860,UDDigiKyokasho Pro B,UDデジタル教科書体 Pro B
1734431473553,UDDigiKyokasho Pro H,UDデジタル教科書体 Pro H
1734431481146,UDDigiKyokasho Pro M,UDデジタル教科書体 Pro M
1734431487053,UDDigiKyokasho ProN B,UDデジタル教科書体 ProN B
1734431492865,UDDigiKyokasho ProN H,UDデジタル教科書体 ProN H
1734431498788,UDDigiKyokasho ProN M,UDデジタル教科書体 ProN M
1734431504413,UDDigiKyokasho ProN R,UDデジタル教科書体 ProN R
1734431510179,UDDigiKyokasho Pro R,UDデジタル教科書体 Pro R
1739867799158,AR FlyingEavesB5Min LT,文鼎鳳簷體Min_L
1739868148718,AR FlyingEavesB5Min MD,文鼎鳳簷體Min_M
1739868552952,AR Clinton Extrabold,AR Clinton Extrabold
1741280368101,AR DCSunSiHaiKaiGB,文鼎DC孙四海楷书
1744163318197,AR Curtis Ultrablack,AR Curtis Ultrablack
1751858830319,AR HeiB5Std BD,文鼎黑體B5Std_B
1751859329164,AR David Extrabold,AR David Extrabold
1751859335508,AR MochiZuinn HV,文鼎白玉書體注音HV
1757315283251,A1Gothic TC B5HK B,A1黑體 繁體字 B5HK B
1757315294704,A1Gothic TC B5HK L,A1黑體 繁體字 B5HK L
1757315301376,A1Gothic TC B5HK M,A1黑體 繁體字 B5HK M
1757315307283,A1Gothic TC B5HK R,A1黑體 繁體字 B5HK R
1757315314127,A P-OTF Manpukumaru Min2 U,A P-OTF 満福丸 Min2 U
1757315319939,A P-OTF Nibushibu StdN M,A P-OTF ニブシブ StdN M
1757315329174,A P-OTF Tsujikaze Min2 H,A P-OTF 辻風 Min2 H
1757315334847,A P-SK IshiiGothic StdN B,A P-SK 石井ゴシック StdN B
1757315341019,A P-SK IshiiGothic StdN EB,A P-SK 石井ゴシック StdN EB
1757315349628,A P-SK IshiiGothic StdN L,A P-SK 石井ゴシック StdN L
1757315355191,A P-SK IshiiGothic StdN M,A P-SK 石井ゴシック StdN M
1757315360972,A P-SK IshiiGothic StdN R,A P-SK 石井ゴシック StdN R
1757315367707,A P-SK IshiiMincho StdN B,A P-SK 石井明朝 StdN B
1757315373566,A P-SK IshiiMincho StdN L,A P-SK 石井明朝 StdN L
1757315379504,A P-SK IshiiMincho StdN M,A P-SK 石井明朝 StdN M
1757315386613,A P-SK IshiiMincho StdN R,A P-SK 石井明朝 StdN R
1757315392957,A-SK IshiiChuGothic Min2 M,A-SK 石井中ゴシック Min2 M
1757315399052,A-SK IshiiChuMaruGothic Min2 M,A-SK 石井中丸ゴシック Min2 M
1757315410849,A-SK IshiiChuMincho Min2 M,A-SK 石井中明朝 Min2 M
1757315418271,TBTeyandee Min2 U,TBてやんでぇ Min2 U
1757559051517,ARPixelFont20x20,ARPixelFont20x20
1766813568278,AR FangXinShuH7B5HK BL,文鼎方新書H7HK_BL
1766813575809,AR FangXinShuH7B5HK DBL,文鼎方新書H7HK_DBL
1766813580763,AR FangXinShuH7B5HK EH,文鼎方新書H7HK_EH
1766813587122,AR FangXinShuH7B5HK UBL,文鼎方新書H7HK_UBL
1766813592153,A P-OTF Harukaze Min2 B,A P-OTF はるかぜ Min2 B
1766813597200,A P-OTF Nijitakotengoku Min2 H,A P-OTF 虹蛸天国 Min2 H
1766813602122,Mikaze TC B5Min EL,美風 繁體字 B5Min EL
1766813806115,AR FangXinShuH7B5HK EB,文鼎方新書H7HK_E
1766813811068,AR FangXinShuH7B5HK HV,文鼎方新書H7HK_H
1766813817179,AR FangXinShuH7B5HK MD,文鼎方新書H7HK_M
1766813822148,AR FangXinShuH7B5HK BD,文鼎方新書H7HK_B
1766813828537,AR FangXinShuH7B5HK DB,文鼎方新書H7HK_D
